id,facility_id,year,owners,operators,source_id,comment
1,COM00001.00,2018,Hudbay Minerals Inc (100%),,det_1138,
2,COM00005.00,2019,Rusal Plc. (100%),,det_1781,
3,COM00006.00,2019,ArcelorMittal S.A. (100%),,det_1606,
4,COM00007.00,2018,AngloGold Ashanti (100%),,det_1065,
5,COM00009.00,2017,Newmont Mining Corporation (100%),,det_1228,
6,COM00016.00,2017,Newmont Mining Corporation (100%),,det_1228,
7,COM00017.00,2019,"Alcoa Corp. (25.1%), Ma’aden (74.9%)",,det_1768,
8,COM00022.00,2018,Rio Tinto (100%),,det_1074,
9,COM00026.00,2019,Rusal Plc. (85%),,det_1781,
10,COM00027.00,2018,Sibanye-Stillwater (100%),,det_1093,
11,COM00028.00,2019,Glencore plc. (100%),,det_1744,
12,COM00029.00,2015,"Rio Tinto (46.7%), sold on 31 December 2014",,det_1075,
13,COM00030.00,2018,Rio Tinto (10%),,det_1074,
14,COM00033.00,2018,Anglo American plc (78%),,det_1107,
15,COM00035.00,2019,Sherritt International Corp. (12%),,det_2031,
16,COM00041.00,2018,Codelco (100%),,det_1381,
17,COM00043.00,2019,ArcelorMittal S.A. (100%),,det_1606,
18,COM00048.00,2018,"Teck Resources Limited (22.5%), BHP Billiton plc (33.75%), Glencore plc (33.75%), Mitsubishi Corporation (10%)",Compañía Minera Antamina S.A.,det_1319,
19,COM00049.00,2019,Glencore plc. (100%),,det_1744,
20,COM00049.01,2003,BHP (100%),BHP,det_1351,
21,COM00050.00,2013,Compania de Minas Buenaventura S.A.A. (100%),Compania de Minas Buenaventura S.A.A.,det_1913,
22,COM00052.00,2018,Cloud Peak Energy Inc. (100%),,det_1960,
23,COM00054.00,2020,Antofagasta Plc. (70%),,det_1575,
24,COM00058.00,2019,ArcelorMittal S.A. (100%),,det_1606,
25,COM00059.00,2019,ArcelorMittal S.A. (100%),,det_1606,
26,COM00060.00,2019,ArcelorMittal S.A. (100%),,det_1606,
27,COM00062.00,2019,ArcelorMittal S.A. (100%),,det_1606,
28,COM00067.00,2018,Rio Tinto (100%),,det_1074,
29,COM00070.00,2018,Rio Tinto (100%),,det_1074,
30,COM00070.01,2018,Rio Tinto (100%),,det_1074,
31,COM00072.00,2020,"Zijin Mining Group Co., Ltd. (51%)",,det_1956,
32,COM00073.00,2019,ArcelorMittal S.A. (100%),,det_1606,
33,COM00074.00,2019,ArcelorMittal S.A. (100%),,det_1606,
34,COM00075.00,2019,Freeport-McMoRan Inc. (100%),,det_1378,
35,COM00076.00,2019,Rusal Plc. (100%),,det_1781,
36,COM00078.00,2018,MetInvest B.V. (100%),,det_1611,
37,COM00081.00,2018,MetInvest B.V. (100%),,det_1611,
38,COM00082.00,2019,Vale S.A. (100%),,det_1371,
39,COM00084.00,2019,Freeport-McMoRan Inc. (100%),,det_1378,
40,COM00087.00,2019,PT Adaro Energy TBK (75%),,det_2463,
41,COM00088.00,2018,Kinross Gold (100%),Kinross Gold,det_1317,
42,COM00092.00,2016,Anglo American plc (100%),,det_1109,
43,COM00093.00,2019,China Shenhua Energy Company Ltd. (56.61%),,det_1979,
44,COM00095.00,2019,China Shenhua Energy Company Ltd. (100%),,det_1979,
45,COM00096.00,2007,Peabody Energy Corp. (62.5%),,det_1993,
46,COM00099.00,2015,Rio Tinto (100%),Rio Tinto,det_1075,
47,COM00100.00,2018,Anglo American plc (100%),,det_1107,
48,COM00104.00,2015,Newmont Mining Corporation (48.50%),,det_1012,
49,COM00106.00,2019,Rusal Plc. (90%),,det_1781,
50,COM00108.00,2013,South32 (100%),,det_1348,
51,COM00109.00,2019,Peabody Energy Corp. (100%),,det_2215,
52,COM00110.00,2018,Sibanye-Stillwater (100%),,det_1093,
53,COM00112.00,2018,Rio Tinto (25.1%),,det_1074,
54,COM00114.00,2019,"African Rainbow Minerals Ltd. (50%), Assore Ltd. (50%)",Assmang Proprietary Ltd.,det_1763,
55,COM00117.00,2018,Rio Tinto (100%),,det_1074,
56,COM00121.00,2019,ArcelorMittal S.A. (100%),,det_1606,
57,COM00122.00,2019,CITIC Dameng Holdings Limited (51%),,det_2129,
58,COM00125.00,2013,ArcelorMittal S.A. (98.64%),,det_1607,
59,COM00130.00,2006,AngloGold Ashanti (100%),,det_1068,
60,COM00133.00,2018,Rio Tinto (100%),,det_1074,
61,COM00139.00,2012,Anglo American plc (74%),,det_1110,
62,COM00139.00,2019,"Vedanta Limited (69.6%), Exxaro Resources Limited (24.4%)",,det_1805,
63,COM00140.00,2019,"African Rainbow Minerals Ltd. (50%), Assore Ltd. (50%)",Assmang Proprietary Ltd.,det_1763,
64,COM00143.00,2019,"BHP (50%), Mitsubishi Development (50%)",BHP Mitsubishi Alliance (BMA),det_1137,
65,COM00144.00,2020,Terracom Ltd. (100%),,det_2640,
66,COM00146.00,2014,Cleveland-Cliffs Inc. (82.8%),,det_1619,
67,COM00147.00,2018,Sibanye-Stillwater (50%),,det_1093,
68,COM00149.00,2019,Companhia Siderurgica Nacional (100%),,det_3673,
69,COM00151.00,2002,AngloGold Ashanti (33.33%),,det_1070,
70,COM00151.00,2002,Newcrest Mining Limited (22.2%),,det_1099,
71,COM00151.00,2017,Newmont Mining Corporation (100%),,det_1228,before 2009 it was a mine from AngloGold
72,COM00152.00,2019,Aluminium Corporation of China Ltd. (85%),Chalco Guinea Company S.A.,det_1772,
73,COM00154.00,2021,"Idemitsu Australia Resources (80%), Chugoku Electric Power Australia Resources Pty Ltd (10%), NS Boggabri Pty Limited (10%)",Boggabri Coal Operations Pty Ltd (BCOPL),det_2637,
74,COM00155.00,2019,Rusal Plc. (100%),,det_1781,
75,COM00157.00,2019,Sierra Metals Inc. (100%),Sierra Metals Inc.,det_1986,
76,COM00159.00,2018,Newcrest Mining Limited (89.89%),,det_1096,
77,COM00161.00,2019,Rusal Plc. (100%),,det_1781,
78,COM00162.00,2018,Rio Tinto (59.4%),,det_1074,
79,COM00167.00,2019,Rusal Plc. (100%),,det_1781,
80,COM00168.00,2015,Compania de Minas Buenaventura S.A.A. (100%),Compania de Minas Buenaventura S.A.A.,det_1931,
81,COM00170.00,2019,"BHP (50%), Mitsubishi Development (50%)",BHP Mitsubishi Alliance (BMA),det_1137,
82,COM00171.00,2000,AngloGold Ashanti (100%),,det_1071,
83,COM00176.00,2019,Coronado Global Resources Inc. (100%),,det_2025,
84,COM00179.00,2020,,Bulga Coal Management Pty Ltd,det_2585,
85,COM00180.00,2019,"Bulyanhulu Gold Mine Limited (BGML) subsidiary of Acacia Mining plc, 63.9% subsidiary of Barrick Gold Corporation",,det_1042,
86,COM00182.00,2019,ArcelorMittal S.A. (100%),,det_1606,
87,COM00183.00,2018,Sibanye-Stillwater (100%),,det_1093,
88,COM00186.00,2019,"Pangea Minerals Limited (PML) subsidiary of Acacia Mining plc, 63.9% subsidiary of Barrick Gold Corporation",,det_1042,
89,COM00188.00,2019,MMC Norlisk Nickel (50.1%),,det_1589,
90,COM00189.00,2019,Peabody Energy Corp. (100%),,det_2215,
91,COM00190.00,2018,Newcrest Mining Limited (100%),,det_1096,
92,COM00192.00,2019,Nickel Asia Corp. (100%),,det_2046,
93,COM00196.00,2020,"Yamana Gold Inc. (50%), Agnico Eagle Mines Limited (50%)",,det_1600,
94,COM00197.00,2019,"Lundin Mining Corp. (80%), Sumitomo Metal MiningCo., Ltd and Sumitomo Corporation (20%)",,det_1456,
95,COM00198.00,2019,South32 (100%),,det_1359,
96,COM00205.00,2017,Newmont Mining Corporation (100%),,det_1228,
97,COM00207.00,2018,"Teck Resources Limited (90%), Empresa Nacional de Mineria (10%)",,det_1082,
98,COM00210.00,2019,Companhia Siderurgica Nacional (87.52%),,det_3673,
99,COM00211.00,2019,Austral Gold Ltd. (100%),,det_2067,
100,COM00212.00,2010,Anglo American plc (100%),,det_1114,
101,COM00215.00,2019,"BHP (50%), Mitsubishi Development (50%)",BHP Mitsubishi Alliance (BMA),det_1137,
102,COM00216.00,2018,First Quantum Minerals Limited (100%),,det_3185,
103,COM00217.00,2018,Rio Tinto (23%),,det_1074,
104,COM00219.00,2018,"Altos Hornos de Mexico, S.A.B. de C.V. (100%)",,det_1974,
105,COM00220.00,2020,Antofagasta Plc. (70%),,det_1574,
106,COM00222.00,2018,MetInvest B.V. (100%),,det_1611,
107,COM00223.00,2020,Westgold Resources Ltd. (100%),,det_2038,
108,COM00224.00,2016,MMG (100%),,det_1302,
109,COM00225.00,2019,"BHP (33.33%), Anglo American (33.33%), Glencore (33.33%)",Cerrejon,det_1137,
110,COM00228.00,2019,South32 (99.9%),,det_1472,
111,COM00229.00,2020,Yamana Gold Inc. (100%),,det_1597,
112,COM00230.00,2019,Newmont Mining Corp. (100%),,det_1363,
113,COM00232.00,2018,AngloGold Ashanti (92.5%),,det_1065,
114,COM00233.00,2019,"Freeport-McMoRan Inc. (53.56%), SMM Cerro Verde Netherlands B.V. (21.%), Compañia de MinasBuenaventura S.A.A. (19.58%)",,det_1378,
115,COM00236.00,2007,Peabody Energy Corp. (80%),,det_1993,
116,COM00242.00,2019,"Vedanta Limited (64.9%), Government of India (29.5%)",Hindustan Zinc Limited,det_1805,
117,COM00243.00,2019,CITIC Dameng Holdings Limited (64%),,det_2129,
118,COM00244.00,2020,Lundin Mining Corp. (100%),Mineração Maracá Indústria e Comércio S/A,det_1590,
119,COM00245.00,2016,Anglo American plc (100%),,det_1109,
120,COM00250.00,2019,"Jinchuan Group International Resources Co. Ltd (85%), ZCCM Investment Holdings Plc. (23%)",,det_2048,
121,COM00253.00,2019,Freeport-McMoRan Inc. (100%),,det_1378,
122,COM00254.00,2018,Kinross Gold (90%),Kinross Gold,det_1059,
123,COM00255.00,2017,"Zijin Mining Group Co., Ltd. (60%)",,det_1819,
124,COM00256.00,2019,Vedanta Limited (100%),,det_1805,
125,COM00258.00,2018,Fresnillo plc (100%),,det_1127,
126,COM00262.00,2019,BHP (100%),BHP,det_1137,
127,COM00263.00,2019,Coronado Global Resources Inc. (100%),,det_2025,
128,COM00264.00,2019,Freeport-McMoRan Inc. (100%),,det_1378,
129,COM00268.00,2019,ArcelorMittal S.A. (100%),,det_1606,
130,COM00269.00,2018,First Quantum Minerals Limited (100%),,det_3185,
131,COM00270.00,2018,First Quantum Minerals Limited (90%),,det_3185,
132,COM00271.00,2008,Cleveland-Cliffs Inc. (50%),,det_1621,
133,COM00272.01,2018,Codelco (100%),,det_1381,
134,COM00272.02,2018,Codelco (100%),,det_1381,
135,COM00274.00,2015,"Alcoa Corp. (60%), Alumina Limited (40%)",,det_1769,
136,COM00276.00,2018,Anglo American plc (44%),,det_1107,
137,COM00281.00,2017,Newmont Mining Corporation (54.05%),,det_1228,
138,COM00283.00,2018,Hudbay Minerals Inc (100%),,det_1138,
139,COM00284.00,2019,ArcelorMittal S.A. (100%),,det_1606,
140,COM00285.00,2018,Sibanye-Stillwater (100%),,det_1093,
141,COM00286.00,2008,Anglo American plc (100%),,det_1116,
142,COM00287.00,2019,Peabody Energy Corp. (73.3%),,det_2215,
143,COM00291.00,2019,Nickel Asia Corp. (10%),,det_2046,
144,COM00292.00,2018,Cloud Peak Energy Inc. (100%),,det_1960,
145,COM00295.00,2008,Rio Tinto (100%),Rio Tinto,det_1325,
146,COM00295.00,2019,Vale S.A. (100%),,det_1371,
147,COM00299.00,2019,Capstone Mining Corp. (100%),,det_1355,
148,COM00302.00,2015,AngloGold Ashanti (100%),,det_1065,
149,COM00302.00,2017,Newmont Mining Corporation (100%),,det_1228,
150,COM00304.00,2019,Glencore plc. (100%),,det_1744,
151,COM00309.00,2019,Coronado Global Resources Inc. (100%),,det_2025,
152,COM00310.00,2019,Sierra Metals Inc. (100%),Sierra Metals Inc.,det_1986,
153,COM00313.00,2019,"Vedanta Limited (64.9%), Government of India (29.5%)",Hindustan Zinc Limited,det_1805,
154,COM00314.00,2019,"Alcoa Corp. (60%), Alumina Limited (40%)",Alcoa Corp.,det_1768,
155,COM00319.00,2019,"BHP (50%), Mitsubishi Development (50%)",BHP Mitsubishi Alliance (BMA),det_1137,
156,COM00321.00,2019,CITIC Dameng Holdings Limited (100%),,det_2129,
157,COM00323.00,2019,"Vedanta Limited (64.9%), Government of India (29.5%)",Hindustan Zinc Limited,det_1805,
158,COM00325.00,2020,"Zijin Mining Group Co., Ltd. (100%)",,det_1957,
159,COM00327.00,2020,Sandfire Resources Ltd. (100%),,det_2084,
160,COM00331.00,2019,Rusal Plc. (100%),,det_1781,
161,COM00332.00,2018,Rio Tinto (60%),,det_1074,
162,COM00333.00,2019,OceanaGold Corp. (92%),,det_1962,
163,COM00336.00,2019,ArcelorMittal S.A. (100%),,det_1606,
164,COM00337.00,2019,Novolipetsk Steel (100%),,det_1964,
165,COM00338.00,2019,Pan American Silver Corp. (100%),,det_1981,
166,COM00343.00,2018,Sibanye-Stillwater (38%),,det_1093,
167,COM00344.00,2018,Sibanye-Stillwater (100%),,det_1093,
168,COM00352.00,2018,MMG (100%),,det_1146,
169,COM00354.00,2013,Newmont Mining Corporation (19.75%),,det_1011,
170,COM00355.00,2015,Rio Tinto (100%),,det_1074,
171,COM00357.00,2020,"Zijin Mining Group Co., Ltd. (100%)",,det_1897,
172,COM00359.00,2018,Kinross Gold (100%),Kinross Gold,det_1055,
173,COM00360.00,2019,Assore Ltd. (100%),,det_1766,
174,COM00363.00,2020,Lundin Mining Corp. (100%),,det_1591,
175,COM00365.00,2018,Sibanye-Stillwater (100%),,det_1093,
176,COM00368.00,2020,Perseues Mining Ltd. (100%),,det_2054,
177,COM00370.00,2019,ArcelorMittal S.A. (100%),,det_1606,
178,COM00372.00,2019,"Freeport-McMoRan Inc. (51%),  Corporación Nacional del Cobre de Chile (49%)",,det_1378,
179,COM00376.00,2020,Yamana Gold Inc. (100%),,det_1598,
180,COM00380.00,2019,Peabody Energy Corp. (100%),,det_2215,
181,COM00381.00,2018,Anglo American plc (50.10%),,det_1107,
182,COM00382.00,2018,Codelco (100%),,det_1381,
183,COM00383.00,2019,ArcelorMittal S.A. (100%),,det_1606,
184,COM00384.00,2015,Newmont Mining Corporation (48.50%),,det_1012,
185,COM00386.00,2019,Newmont Mining Corp. (100%),,det_1363,
186,COM00390.00,2019,Cleveland-Cliffs Inc. (100%),,det_1618,
187,COM00392.00,2018,Rio Tinto (68.4%),,det_1074,
188,COM00393.00,2021,"Idemitsu Australia Resources (85%), Bowen Investment Pty Ltd (15%)",,det_2638,
189,COM00394.00,2002,AngloGold Ashanti (100%),,det_1070,
190,COM00395.01,2019,Glencore plc. (70%),,det_1744,
191,COM00395.02,2019,Glencore plc. (100%),,det_1744,
192,COM00396.00,2019,Pan American Silver Corp. (100%),,det_1981,
193,COM00397.00,2018,"BHP (57.5%), Rio Tinto (30%), JECO Corporation consortium comprising Mitsubishi, JX Nippon Mining and Metals (10%), JECO2 Ltd (2.5%)",,det_1318,
194,COM00400.00,2003,Rio Tinto (56%),,det_1324,
195,COM00400.00,2008,Rusal Plc. (100%),,det_1781,
196,COM00400.00,2009,Rusal Plc. (100%),,det_1781,
197,COM00400.00,2010,Rusal Plc. (100%),,det_1781,
198,COM00400.00,2011,Rusal Plc. (100%),,det_1781,
199,COM00400.00,2012,Rusal Plc. (100%),,det_1781,
200,COM00400.00,2013,Rusal Plc. (100%),,det_1781,
201,COM00400.00,2014,Rusal Plc. (100%),,det_1781,
202,COM00400.00,2015,Rusal Plc. (100%),,det_1781,
203,COM00400.00,2016,Rusal Plc. (100%),,det_1781,
204,COM00400.00,2017,Rusal Plc. (100%),,det_1781,
205,COM00400.00,2018,Rusal Plc. (100%),,det_1781,
206,COM00400.00,2019,Rusal Plc. (100%),,det_1781,
207,COM00405.00,2019,Vale S.A. (100%),,det_1371,
208,COM00412.00,2019,Companhia Siderurgica Nacional (100%),,det_3673,
209,COM00413.00,2019,Ferrexpo plc. (100%),,det_2154,
210,COM00417.00,2019,Global Ferronickel Holdings Inc. (99.98%),Platinum Group Metals Corporation,det_2047,
211,COM00418.00,2018,Kinross Gold (100%),Kinross Gold,det_1053,
212,COM00419.00,2019,Sherritt International Corp. (100%),,det_2031,
213,COM00421.00,2020,Fortescue Metals Group Ltd (100%),,det_1925,
214,COM00422.00,2020,Westgold Resources Ltd. (100%),,det_2038,
215,COM00425.00,2019,Peabody Energy Corp. (100%),,det_2215,
216,COM00427.00,2004,AngloGold Ashanti (100%),,det_1069,
217,COM00429.00,2018,Fresnillo plc (100%),,det_1127,
218,COM00430.00,2019,Rusal Plc. (100%),,det_1781,
219,COM00432.00,2012,Kinross Gold (100%),Kinross Gold,det_1062,
220,COM00433.00,2019,Vedanta Limited (100%),,det_1805,
221,COM00434.00,2018,"Zijin Mining Group Co., Ltd. (41.5%)",,det_1869,
222,COM00436.00,2018,Codelco (100%),,det_1381,
223,COM00445.00,2019,Peabody Energy Corp. (100%),,det_2215,
224,COM00446.00,2018,AngloGold Ashanti (100%),,det_1065,
225,COM00447.00,2018,"Anglo American plc (40%), South32 (60%)",,det_1570,
226,COM00483.00,2019,"African Rainbow Minerals Ltd. (26%), Glencore plc (74%)",,det_1763,
227,COM00484.00,2016,MMG (100%),,det_1302,
228,COM00486.00,2019,Agnico Eagle Mines Limited (100%),,det_1929,
229,COM00487.00,2019,Barrick Gold Corporation (100%),,det_1028,
230,COM00489.00,2019,"BHP (50%), Mitsubishi Development (50%)",BHP Mitsubishi Alliance (BMA),det_1137,
231,COM00490.00,2018,PT Nusa Halmahera Minerals (Newcrest Mining Limited 75%),PT Nusa Halmahera Minerals (Newcrest Mining Limited 75%),det_1096,
232,COM00491.00,2018,Rio Tinto (100%),,det_1075,
233,COM00491.00,2018,Rio Tinto (100%),,det_1074,
234,COM00493.00,2018,Rio Tinto (100%),,det_1074,
235,COM00496.00,2019,"Freeport-McMoRan Inc. (48.76%),  PT Indonesia Asahan Aluminum (Persero) (PT Inalum) and  PTIndonesia Papua Metal Dan Mineral (51.24%)",PT Freeport Indonesia,det_1378,
236,COM00498.00,2014,AngloGold Ashanti (100%),,det_1065,Great Noligwa and Moab Khotsong are treated as one cash-generating unit from 1 January 2015
237,COM00499.00,2019,Coronado Global Resources Inc. (100%),,det_2025,
238,COM00502.01,2019,"BHP (50%), Mitsubishi Development (50%)",BHP Mitsubishi Alliance (BMA),det_1137,
239,COM00502.02,2019,"BHP (50%), Mitsubishi Development (50%)",BHP Mitsubishi Alliance (BMA),det_1137,
240,COM00505.00,2020,Anglo American plc (88%),,det_2579,
241,COM00507.00,2019,Austral Gold Ltd. (100%),,det_2067,
242,COM00508.00,2018,First Quantum Minerals Limited (100%),,det_3185,
243,COM00509.00,2019,Aluminium Corporation of China Ltd. (100%),Aluminium Corporation of China Ltd.,det_1772,
244,COM00512.01,2020,Whitehaven Coal Ltd. (100%),Whitehaven Coal Ltd.,det_2636,
245,COM00512.02,2020,Whitehaven Coal Ltd. (100%),Whitehaven Coal Ltd.,det_2636,
246,COM00512.03,2020,Whitehaven Coal Ltd. (100%),Whitehaven Coal Ltd.,det_2636,
247,COM00512.04,2020,Whitehaven Coal Ltd. (100%),Whitehaven Coal Ltd.,det_2636,
248,COM00516.00,2019,OceanaGold Corp. (100%),,det_1962,
249,COM00517.00,2020,Pantoro Ltd. (100%),,det_2449,
250,COM00518.00,2018,Rio Tinto (60%),,det_1074,
251,COM00519.00,2013,Rio Tinto (100%),,det_1077,
252,COM00519.00,2018,Rio Tinto (54%),,det_1074,
253,COM00520.01,2018,Rio Tinto (100%),Rio Tinto,det_1074,
254,COM00520.02,2018,Rio Tinto (100%),Rio Tinto,det_1074,
255,COM00520.03,2018,Rio Tinto (100%),Rio Tinto,det_1074,
256,COM00520.04,2018,Rio Tinto (100%),Rio Tinto,det_1074,
257,COM00520.05,2018,Rio Tinto (100%),Rio Tinto,det_1074,
258,COM00520.06,2018,Rio Tinto (100%),Rio Tinto,det_1074,
259,COM00520.07,2018,Rio Tinto (100%),Rio Tinto,det_1074,
260,COM00520.08,2018,Rio Tinto (100%),Rio Tinto,det_1074,
261,COM00520.09,2018,Rio Tinto (100%),Rio Tinto,det_1074,
262,COM00523.00,2018,First Quantum Minerals Limited (100%),,det_3185,
263,COM00524.00,2019,"Vedanta Limited (64.9%), Government of India (29.5%)",Hindustan Zinc Limited,det_1805,
264,COM00530.00,2019,Freeport-McMoRan Inc. (100%),,det_1378,
265,COM00532.00,2018,"Altos Hornos de Mexico, S.A.B. de C.V. (100%)",,det_1974,
266,COM00533.00,2013,Newmont Mining Corporation (44%),,det_1011,
267,COM00533.00,2018,Fresnillo plc (100%),,det_1127,
268,COM00534.00,2019,"ArcelorMittal S.A. (62.3%), Cleveland-Cliffs Inc. (23.0%), U.S. Steel (14.7%)",ArcelorMittal S.A.,det_1606,
269,COM00535.00,2018,"Newcrest Mining Limited (50%), Harmony Gold Mining Company Limited (50%)",,det_1096,
270,COM00538.00,2018,Teck Resources Limited (100%),,det_1080,
271,COM00540.00,2019,South32 (100%),,det_1359,
272,COM00541.00,2019,Nickel Asia Corp. (100%),,det_2046,
273,COM00542.00,2018,Sibanye-Stillwater (74%),,det_1093,
274,COM00544.00,2018,Rio Tinto (50%),,det_1074,
275,COM00547.00,2019,Pan American Silver Corp. (99.94%),,det_1981,
276,COM00548.00,2019,Aluminium Corporation of China Ltd. (100%),Aluminium Corporation of China Ltd.,det_1772,
277,COM00551.00,2018,"Yancoal Australia Ltd (51%), Glencore Coal Pty Ltd. (49%).",Hunter Valley Operations Joint Venture,det_2447,
278,COM00553.00,2018,AngloGold Ashanti (100%),,det_1065,
279,COM00559.00,2018,MetInvest B.V. (100%),,det_1611,
280,COM00568.00,2019,ArcelorMittal S.A. (100%),,det_1606,
281,COM00569.00,2018,MetInvest B.V. (100%),,det_1611,
282,COM00575.00,2019,Rusal Plc. (100%),,det_1781,
283,COM00576.00,2018,Rio Tinto (58.7%),Iron Ore Company of Canada Inc.,det_1074,
284,COM00580.00,2018,Rio Tinto (100%),,det_1074,
285,COM00581.00,2011,Compania de Minas Buenaventura S.A.A. (100%),Compania de Minas Buenaventura S.A.A.,det_1915,
286,COM00583.00,2019,Vale S.A. (100%),,det_1371,
287,COM00584.00,2019,"Usinas Siderurgicas de Minas Gerais S.A. (70%), Sumitomo Corp. (30%)",,det_1967,
288,COM00586.00,2019,"Barrick Gold Corporation (50%), Ma'aden (50%)",,det_1040,
289,COM00588.00,2020,Yamana Gold Inc. (100%),Jacobina Mineração e Comércio S. A. (JMC),det_1596,
290,COM00589.00,2013,"Alcoa Corp. (55%), Clarendon Alumina Production Ltd. (40%)",,det_1770,
291,COM00592.00,2003,AngloGold Ashanti (70%),,det_1069,
292,COM00594.00,2019,Vedanta Limited (51%),,det_1805,
293,COM00595.00,2019,Aluminium Corporation of China Ltd. (100%),Aluminium Corporation of China Ltd.,det_1772,
294,COM00597.00,2019,"BHP (85%), Mitsui-ITOCHU Iron (10%), ITOCHU Minerals and Energy of Australia (5%)",BHP,det_1137,
295,COM00599.00,2017,"Zijin Mining Group Co., Ltd. (100%)",,det_1819,
296,COM00602.00,2018,Rio Tinto (100%),,det_1074,
297,COM00603.00,2019,Compania de Minas Buenaventura S.A.A. (100%),Compania de Minas Buenaventura S.A.A.,det_1928,
298,COM00604.00,2007,Kinross Gold (90%),Kinross Gold,det_1063,
299,COM00605.00,2013,Newmont Mining Corporation (100%),,det_1011,
300,COM00607.00,2019,Alcoa Corp. (100%),Alcoa Corp.,det_1768,
301,COM00611.00,2017,"Newmont Mining Corporation (50%), Barrick (50%)",,det_1228,
302,COM00612.00,2019,BHP (100%),BHP,det_1137,
303,COM00614.00,2019,Rusal Plc. (100%),,det_1781,
304,COM00615.00,2020,Terracom Ltd. (70.5%),,det_2640,
305,COM00618.00,2018,First Quantum Minerals Limited (80%),,det_3185,
306,COM00619.00,2019,ArcelorMittal S.A. (100%),,det_1606,
307,COM00622.00,2020,PAO Severstal (100%),PAO Severstal,det_1749,
308,COM00624.00,2019,Glencore plc. (99.5%),,det_1744,
309,COM00625.00,2019,"Vedanta Limited (64.9%), Government of India (29.5%)",Hindustan Zinc Limited,det_1805,
310,COM00626.00,2019,Peabody Energy Corp. (100%),,det_2215,
311,COM00632.00,2019,ArcelorMittal S.A. (100%),,det_1606,
312,COM00634.00,2016,Kinross Gold (100%),Kinross Gold,det_1282,
313,COM00637.00,2019,Rusal Plc. (100%),,det_1781,
314,COM00638.00,2019,"African Rainbow Minerals Ltd. (50%), Assore Ltd. (50%)",Assmang Proprietary Ltd.,det_1763,
315,COM00641.00,2019,Rusal Plc. (100%),,det_1781,
316,COM00642.00,2018,AngloGold Ashanti (45%),,det_1065,
317,COM00642.00,2019,"Barrick Gold Corporation (45%), AngloGold Ashanti (45%), Société Miniére de Kilo-Moto (SOK IMO)(10%)",,det_1028,
318,COM00644.00,2020,PT Indika Energy Tbk. (91%),,det_3677,
319,COM00647.00,2019,Rusal Plc. (100%),,det_1781,
320,COM00648.00,2019,"Jinchuan Group International Resources Co. Ltd (77%), Sodimico (23%)",,det_2048,
321,COM00649.00,2018,MMG (100%),,det_1146,Acquired from Anvil in 2012
322,COM00651.00,2019,Tiger Resources Ltd. (95%),,det_2082,
323,COM00652.00,2019,Luossavaara-Kiirunavaara AB (100%),Luossavaara-Kiirunavaara AB,det_1745,
324,COM00654.00,2018,Rio Tinto (100%),,det_1074,
325,COM00655.00,2019,Agnico Eagle Mines Limited (100%),,det_1929,
326,COM00657.00,2018,Sibanye-Stillwater (100%),,det_1093,
327,COM00662.00,2020,"Zijin Mining Group Co., Ltd. (72%)",,det_1955,
328,COM00664.00,2019,Glencore plc. (49%),,det_1744,
329,COM00666.00,2017,Cleveland-Cliffs Inc. (100%),,det_1620,
330,COM00668.00,2018,AngloGold Ashanti (100%),,det_1065,sold effective 28 February 2018 to
331,COM00675.00,2018,MetInvest B.V. (99.9%),,det_1611,
332,COM00677.00,2019,Rusal Plc. (100%),,det_1781,
333,COM00680.00,2018,Sibanye-Stillwater (50%),,det_1093,
334,COM00681.00,2019,ArcelorMittal S.A. (95.1%),,det_1606,
335,COM00682.00,2019,Rusal Plc. (100%),,det_1781,
336,COM00684.00,2018,Kinross Gold (100%),Kinross Gold,det_1056,
337,COM00690.00,2020,"Zijin Mining Group Co., Ltd. (70%)",,det_1899,
338,COM00694.00,2018,Kinross Gold (100%),Kinross Gold,det_1057,
339,COM00695.00,2019,Pan American Silver Corp. (100%),,det_1981,
340,COM00696.00,2019,Agnico Eagle Mines Limited (100%),,det_1929,
341,COM00697.00,2018,"Altos Hornos de Mexico, S.A.B. de C.V. (100%)",,det_1974,
342,COM00698.00,2013,Newmont Mining Corporation (46.94%),,det_1011,
343,COM00698.00,2019,"Compania de Minas Buenaventura S.A.A. (53.06%), Newmont Holdings ULC (46.94%)",,det_1928,
344,COM00699.00,2019,Minera Barrick Misquichilca S.A. (MBM) (wholly-owned Peruvian subsidiary of Barrick Gold Corporation) (100%),Minera Barrick Misquichilca S.A. (MBM),det_1037,
345,COM00701.00,2018,Hudbay Minerals Inc (100%),,det_1138,
346,COM00702.00,2019,Vedanta Limited (51%),,det_1805,
347,COM00705.00,2018,Agnico Eagle Mines Limited (100%),,det_1918,
348,COM00707.00,2019,Agnico Eagle Mines Limited (100%),,det_1929,
349,COM00708.00,2018,"MMG (62.5%), Guoxin International Investment Co. Ltd (22.5%), CITIC Metal Co. Ltd (15%)",MMG,det_1146,
350,COM00709.00,2019,ArcelorMittal S.A. (100%),,det_1606,
351,COM00710.00,2018,Rio Tinto (100%),,det_1074,
352,COM00713.00,2019,ArcelorMittal S.A. (100%),,det_1606,
353,COM00719.00,2019,BHP (100%),BHP,det_1137,
354,COM00725.00,2018,Newcrest Mining Limited (100%),,det_1096,
355,COM00728.00,2019,ArcelorMittal S.A. (100%),,det_1606,
356,COM00729.00,2012,Anglo American plc (100%),,det_1110,
357,COM00732.00,2019,Luossavaara-Kiirunavaara AB (100%),Luossavaara-Kiirunavaara AB,det_1745,
358,COM00733.00,2012,Kinross Gold (100%),Kinross Gold,det_1062,
359,COM00734.00,2015,Rio Tinto (100%),,det_1074,
360,COM00736.00,2012,Anglo American plc (91.40%),,det_1110,
361,COM00737.00,2019,Glencore plc. (100%),,det_1744,
362,COM00739.00,2017,Newmont Mining Corporation (100%),,det_1228,
363,COM00741.00,2017,"Zijin Mining Group Co., Ltd. (84.22%)",,det_1820,
364,COM00744.00,2018,Anglo American plc (50.10%),,det_1107,
365,COM00747.00,2020,Antofagasta Plc. (60%),,det_1573,
366,COM00748.00,2019,"Barrick Gold Corporation (80%), State of Mali (20%)",,det_1028,
367,COM00755.00,2019,Aluminium Corporation of China Ltd. (100%),Aluminium Corporation of China Ltd.,det_1772,
368,COM00756.00,2017,"Zijin Mining Group Co., Ltd. (70%)",,det_1819,
369,COM00757.00,2013,Rio Tinto (100%),,det_1077,
370,COM00758.00,2019,OceanaGold Corp. (100%),,det_1962,
371,COM00763.00,2018,Compania de Minas Buenaventura S.A.A. (100%),Compania de Minas Buenaventura S.A.A.,det_1933,
372,COM00766.00,2019,Pan American Silver Corp. (100%),,det_1981,
373,COM00769.00,2016,Anglo American plc (100%),,det_1109,
374,COM00770.00,2016,Anglo American plc (100%),,det_1109,
375,COM00771.00,2018,"Altos Hornos de Mexico, S.A.B. de C.V. (100%)",,det_1974,
376,COM00772.00,2018,Sibanye-Stillwater (100%),,det_1093,
377,COM00773.00,2019,Compania de Minas Buenaventura S.A.A. (61.43%),,det_1928,
378,COM00774.00,2019,Vale S.A. (100%),,det_1371,
379,COM00775.00,2012,Kinross Gold (100%),Kinross Gold,det_1062,
380,COM00775.00,2018,Kinross Gold (100%),Kinross Gold,det_1060,
381,COM00776.00,2019,SSR Mining Inc. (100%),,det_1988,
382,COM00783.00,2020,"Whitehaven Coal Ltd. (75%), ICRA MC Pty Ltd (15%), J-Power Australia Pty Ltd. (10%)",Whitehaven Coal Ltd.,det_2636,
383,COM00785.00,2019,Glencore plc. (100%),,det_1744,
384,COM00786.00,2019,Agnico Eagle Mines Limited (100%),,det_1929,
385,COM00789.00,2019,Agnico Eagle Mines Limited (100%),,det_1929,
386,COM00790.00,2020,Premier Gold Mines Ltd. (100%),,det_1747,
387,COM00791.00,2017,Newmont Mining Corporation (100%),,det_1228,
388,COM00794.00,2019,Peabody Energy Corp. (100%),,det_2215,
389,COM00800.00,2019,Freeport-McMoRan Inc. (100%),,det_1378,
390,COM00801.00,2019,Aluminium Corporation of China Ltd. (100%),Aluminium Corporation of China Ltd.,det_1772,
391,COM00802.00,2020,"Zijin Mining Group Co., Ltd. (95%)",,det_1901,
392,COM00805.00,2013,Newmont Mining Corporation (100%),,det_1011,
393,COM00808.00,2018,Yancoal Australia Ltd (50%),,det_2447,
394,COM00808.00,2019,Peabody Energy Corp. (50%),,det_2215,
395,COM00814.00,2019,Peabody Energy Corp. (100%),,det_2215,
396,COM00816.00,2018,"Sibanye-Stillwater (50%), Impala Platinum (50%(",Impala Platinum,det_1093,
397,COM00818.00,2019,Vale S.A. (96%),,det_1371,
398,COM00822.00,2020,Yamana Gold Inc. (100%),,det_1599,
399,COM00824.00,2018,Codelco (100%),,det_1381,
400,COM00826.00,2019,ArcelorMittal S.A. (100%),ArcelorMittal S.A.,det_1606,
401,COM00827.00,2019,Pembridge Resources Ltd. (100%),,det_1357,
402,COM00828.00,2019,Sherritt International Corp. (50%),,det_2031,
403,COM00829.00,2018,AngloGold Ashanti (100%),,det_1065,sold effective 28 February 2018
404,COM00830.00,2019,Vale S.A. (80.75%),,det_1371,
405,COM00831.00,2019,"African Rainbow Minerals Ltd. (41.5%), Anglo American plc (50%)",African Rainbow Minerals Ltd.,det_1763,
406,COM00834.00,2019,ArcelorMittal S.A. (85%),ArcelorMittal S.A.,det_1606,
407,COM00834.01,2019,ArcelorMittal S.A. (85%),ArcelorMittal S.A.,det_1606,
408,COM00836.00,2018,Yancoal Australia Ltd (81%),,det_2447,
409,COM00837.00,2019,Peabody Energy Corp. (73.3%),,det_2215,
410,COM00838.00,2019,Glencore plc. (73.1%),,det_1744,
411,COM00839.00,2020,Anglo American plc (88%),,det_2579,
412,COM00840.00,2019,"Freeport-McMoRan Inc. (72%), Sumitomo Metal Mining Arizona, Inc. (15%), SMM Morenci, Inc. (13%)",,det_1378,
413,COM00841.00,2018,AngloGold Ashanti (40%),,det_1065,
414,COM00841.00,2019,"Barrick Gold Corporation (40%), AngloGold Ashanti (40%), State of Mali (20%)",,det_1035,
415,COM00842.00,2019,Pan American Silver Corp. (92.3%),,det_1981,
416,COM00844.00,2019,Vale S.A. (100%),,det_1371,
417,COM00847.00,2002,AngloGold Ashanti (100%),,det_1070,
418,COM00849.00,2018,Anglo American plc (78%),,det_1107,
419,COM00850.00,2019,BHP (100%),BHP,det_1137,
420,COM00852.00,2019,"BHP (85%), ITOCHU Minerals and Energy of Australia (8%), Mitsui Iron Ore Corporation (7%)",BHP,det_1137,
421,COM00853.00,2019,BHP (100%),BHP,det_1137,
422,COM00854.00,2019,"Mineral Resources Limited (50%), Jiangxi Ganfeng Lithium Co. Ltd (50%)",,det_1748,
423,COM00856.00,2019,"BHP (85%), Mitsui-ITOCHU Iron (10%), ITOCHU Minerals and Energy of Australia (5%)",BHP,det_1137,
424,COM00857.01,2018,"Yancoal Australia Ltd (80%), POSCO Australia Pty Ltd (20%)",,det_2447,
425,COM00857.02,2018,"Yancoal Australia Ltd (84.47%), Nippon Steel and Sumitomo Metal Australia Pty Limited (9.53%), Mitsubishi Materials (Australia) Pty Limited (6%).",,det_2447,
426,COM00859.00,2019,"South32 (47.1%),  Industrial Development Corporation of South Africa Limited (24%), State of Mozambique (3.9%)",,det_1359,
427,COM00860.00,2018,AngloGold Ashanti (100%),,det_1065,
428,COM00861.00,2018,Rio Tinto (12%),,det_1074,
429,COM00870.00,2015,"Rio Tinto (77.8%), sold on 17 June 2015",,det_1075,sold on 17 June 2015
430,COM00872.00,2019,Glencore plc. (100%),,det_1744,
431,COM00874.00,2007,"After 2007: Goldcorp (100%), Until 2007: Kinross Gold (31.93%)",Goldcorp,det_1064,
432,COM00874.00,2019,Newmont Mining Corp. (100%),,det_1363,
433,COM00875.00,2021,Idemitsu Australia Resources (100%),,det_2639,
434,COM00876.00,2019,Glencore plc. (100%),,det_1744,
435,COM00878.00,2019,Rusal Plc. (100%),,det_1781,
436,COM00879.00,2008,Anglo American plc (100%),,det_1116,
437,COM00881.00,2018,Newcrest Mining Limited (71.42%),,det_1096,
438,COM00882.00,2019,Aluminium Corporation of China Ltd. (100%),Aluminium Corporation of China Ltd.,det_1772,
439,COM00885.00,2020,"Whitehaven Coal Ltd. (77.5%), J-Power (7.5%), Upper Horn Investments Limited (7.5%), Daewoo International Corporation and  Korea Resources Corporation (7.5%)",Whitehaven Coal Ltd.,det_2636,
440,COM00886.00,2014,AngloGold Ashanti (100%),,det_1065,Sold in 2014 to QKR Corp Ltd.
441,COM00887.00,2019,Navajo Transitional Energy Company (100%),,det_1137,
442,COM00889.00,2003,Rio Tinto (49%),,det_1324,
443,COM00889.00,2020,Lundin Mining Corp. (100%),,det_1592,
444,COM00890.00,2020,Terracom Ltd. (49.0%),,det_2640,
445,COM00898.00,2019,BHP (100%),BHP,det_1137,
446,COM00901.00,2019,Rusal Plc. (100%),,det_1781,
447,COM00903.00,2018,Anglo American plc (100%),,det_1108,
448,COM00904.00,2019,"MMC Norlisk Nickel (50%), African Rainbow Minerals Ltd.  (50%)",,det_1893,
449,COM00906.00,2018,Fresnillo plc (100%),,det_1127,
450,COM00909.00,2019,MMC Norlisk Nickel (100%),,det_1589,
451,COM00910.00,2019,MMC Norlisk Nickel (100%),,det_1589,
452,COM00912.00,2019,Peabody Energy Corp. (100%),,det_2215,
453,COM00913.00,2020,Terracom Ltd. (49.0%),,det_2640,
454,COM00915.00,2019,Peabody Energy Corp. (100%),,det_2215,
455,COM00916.00,2019,"Acacia Mining plc, 63.9% subsidiary of Barrick Gold Corporation",,det_1042,
456,COM00917.00,2019,Rusal Plc. (100%),,det_1781,
457,COM00919.00,2018,MetInvest B.V. (96.8%),,det_1611,
458,COM00922.00,2015,"Rio Tinto (80%), sold their interest on 1 December 2013",,det_1075,
459,COM00923.00,2019,Cleveland-Cliffs Inc. (100%),,det_1618,
460,COM00924.00,2019,"BHP (50%), Mitsubishi Development (50%)",BHP Mitsubishi Alliance (BMA),det_1137,
461,COM00925.00,2019,Rusal Plc. (100%),,det_1781,
462,COM00927.00,2018,Joint Venture: Teck Resources Limited (50%),,det_1087,
463,COM00929.00,2014,Cleveland-Cliffs Inc. (100%),,det_1619,
464,COM00932.00,2018,AngloGold Ashanti (100%),,det_1065,
465,COM00936.00,2020,PAO Severstal (100%),PAO Severstal,det_1750,
466,COM00937.00,2019,BHP (100%),BHP,det_1137,
467,COM00940.00,2019,Vale S.A. (100%),,det_1371,
468,COM00942.00,2019,Compania de Minas Buenaventura S.A.A. (100%),Compania de Minas Buenaventura S.A.A.,det_1928,
469,COM00949.00,2018,Rio Tinto (33.5%),,det_1074,
470,COM00950.00,2020,"Zijin Mining Group Co., Ltd. (100%)",,det_1812,
471,COM00953.00,2013,Rio Tinto (57.7%),,det_1077,sold on 31 July 2013
472,COM00955.00,2019,BHP (100%),BHP,det_1137,
473,COM00958.00,2019,"Vedanta Limited (64.9%), Government of India (29.5%)",Hindustan Zinc Limited,det_1805,
474,COM00959.00,2018,Kinross Gold (100%),Kinross Gold,det_1054,
475,COM00962.00,2019,Vale S.A. (100%),,det_1371,
476,COM00969.00,2019,"BHP (50%), Mitsubishi Development (50%)",BHP Mitsubishi Alliance (BMA),det_1137,
477,COM00970.00,2019,"ArcelorMittal S.A. (50%), Ternium S.A. (50%)",,det_1606,
478,COM00971.00,2019,Newmont Mining Corp. (100%),,det_1363,
479,COM00972.00,2018,Teck Resources Limited (100%),,det_1086,
480,COM00976.00,2002,BHP (100%),BHP,det_1572,
481,COM00977.00,2019,PT Bayan Resources Tbk. (100%),,det_2616,
482,COM00981.00,2017,Newmont Mining Corporation (100%),,det_1228,
483,COM00981.02,2015,Newmont Mining Corporation (100%),,det_1012,
484,COM00984.00,2019,Aluminium Corporation of China Ltd. (100%),Aluminium Corporation of China Ltd.,det_1772,
485,COM00986.00,2019,Aluminium Corporation of China Ltd. (100%),Aluminium Corporation of China Ltd.,det_1772,
486,COM00989.00,2014,Cleveland-Cliffs Inc. (100%),,det_1619,
487,COM00990.00,2019,Agnico Eagle Mines Limited (100%),,det_1929,
488,COM00991.00,2019,Capstone Mining Corp. (100%),,det_1354,
489,COM00992.00,2019,PT Garda Tujuh Buana Tbk. (100%),,det_2826,
490,COM00996.00,2019,Alcoa Corp. (100%),Alcoa Corp.,det_1768,
491,COM00999.00,2019,"BHP (80%), Mitsui and Co (20%)",BHP Mitsui Coal (BMC),det_1137,
492,COM01006.00,2013,Compania de Minas Buenaventura S.A.A. (100%),Compania de Minas Buenaventura S.A.A.,det_1913,
493,COM01007.00,2007,"After 2007: Goldcorp (100%), Until 2007: Kinross Gold (49%)",Goldcorp,det_1064,
494,COM01007.00,2019,Newmont Mining Corp. (100%),,det_1363,
495,COM01008.00,2019,"Barrick Gold Corporation (47.5%), Zijin Mining Group (47.5%), Mineral Resources Enga (5%)",,det_1038,
496,COM01010.00,2019,"BHP (65%), ITOCHU Minerals and Energy of Australia (8%), Mitsui Iron Ore Corporation (7%), POS-Ore (20%)",BHP,det_1137,
497,COM01012.00,2019,ArcelorMittal S.A. (51%),,det_1606,
498,COM01013.00,2019,ArcelorMittal S.A. (100%),,det_1606,
499,COM01015.00,2019,OZ Minerals Ltd. (100%),,det_2446,
500,COM01016.00,2019,"PT Adaro Energy TBK (88.5%), Electricity Generating Authority of Thailand International Company Limited (EGATi) (11.5%)",,det_2463,
501,COM01018.00,2019,Aluminium Corporation of China Ltd. (96.28%),PT Nusapati Prima,det_1772,
502,COM01019.00,2020,PT Baramulti Suksessarana Tbk. (100%),,det_2808,
503,COM01021.00,2020,PT Baramulti Suksessarana Tbk. (100%),,det_2610,
504,COM01027.00,2019,PT Adaro Energy TBK (61.04%),,det_2463,
505,COM01029.00,2019,PT Bayan Resources Tbk. (92.7%),,det_2616,
506,COM01035.00,2019,Aluminium Corporation of China Ltd. (96.28%),PT Nusapati Prima,det_1772,
507,COM01039.00,2019,PT Harum Energy Tbk. (80%),,det_2624,
508,COM01041.00,2020,PT Indika Energy Tbk. (85%),,det_3677,
509,COM01042.00,2019,PT Adaro Energy TBK (75%),,det_2463,
510,COM01044.00,2019,"PT-FI (25%), Mitsubishi Materials Corporation (60.5%), Mitsubishi Corporation RtM Japan Ltd. (9.5%) and JX Nippon Mining & Metals Corporation (5%)",PT-FI,det_1378,
511,COM01045.00,2019,PT Golden Eagle Energy Tbk. (85%),,det_2621,
512,COM01050.00,2019,Aluminium Corporation of China Ltd. (96.28%),PT Nusapati Prima,det_1772,
513,COM01052.00,2019,"Barrick Gold Corporation (60%), Goldcorp (40%)",,det_1028,
514,COM01053.00,2019,SSR Mining Inc. (75%),,det_1988,
515,COM01055.00,2018,First Quantum Minerals Limited (100%),,det_3185,
516,COM01056.00,2018,"Teck Resources Limited (90%), Empresa Nacional de Mineria (10%)",,det_1083,
517,COM01058.00,2018,Rio Tinto (80%),,det_1074,
518,COM01059.00,2014,Anglo American plc (81.90%),,det_1117,
519,COM01061.00,2019,"Vedanta Limited (64.9%), Government of India (29.5%)",Hindustan Zinc Limited,det_1805,
520,COM01061.01,2019,"Vedanta Limited (64.9%), Government of India (29.5%)",Hindustan Zinc Limited,det_1805,
521,COM01062.00,2019,"Vedanta Limited (64.9%), Government of India (29.5%)",Hindustan Zinc Limited,det_1805,
522,COM01066.00,2018,First Quantum Minerals Limited (100%),,det_3185,
523,COM01067.00,2020,"Golden Energy and Resources Ltd. (50%), EMR Capital (50%)",,det_2623,
524,COM01070.00,2019,Peabody Energy Corp. (100%),,det_2215,
525,COM01071.00,2013,Compania de Minas Buenaventura S.A.A. (100%),Compania de Minas Buenaventura S.A.A.,det_1913,
526,COM01072.00,2018,Teck Resources Limited (100%),,det_1085,
527,COM01074.00,2020,Evolution Mining (100%),,det_1365,
528,COM01076.00,2018,Hudbay Minerals Inc (70%),,det_1138,
529,COM01081.00,2020,Metals X Ltd. (50%),,det_2036,
530,COM01084.00,2018,Sibanye-Stillwater (100%),,det_1093,
531,COM01085.00,2018,Rio Tinto (100%),,det_1074,
532,COM01086.00,2019,Nickel Asia Corp. (60%),,det_2046,
533,COM01089.00,2019,ArcelorMittal S.A. (100%),,det_1606,
534,COM01090.01,2018,Rio Tinto (53%),,det_1074,
535,COM01090.03,2018,Rio Tinto (53%),,det_1074,
536,COM01097.00,2018,MMG (100%),,det_1146,
537,COM01098.00,2018,Hudbay Minerals Inc (100%),,det_1138,
538,COM01100.00,2018,Rio Tinto (68.4%),,det_1074,
539,COM01101.00,2018,Kinross Gold (100%),Kinross Gold,det_1317,
540,COM01102.00,2019,"Jinchuan Group International Resources Co. Ltd (75%), Gecamines SA (25%)",,det_2048,
541,COM01105.00,2018,Sibanye-Stillwater (100%),,det_1093,
542,COM01106.00,2018,AngloGold Ashanti (41%),,det_1065,
543,COM01107.00,2019,Freeport-McMoRan Inc. (100%),,det_1378,
544,COM01108.00,2015,"Rio Tinto (100%), sold on 16 December 2013",,det_1075,
545,COM01112.00,2019,Vale S.A. (100%),,det_1371,
546,COM01113.00,2018,Codelco (100%),,det_1381,
547,COM01114.00,2019,"BHP Billiton Brasil Limitada (50%), Vale S.A. (50%)",Samarco,det_1137,
548,COM01116.00,2020,Aura Minerals Inc. (100%),,det_1604,
549,COM01120.00,2019,ArcelorMittal S.A. (100%),,det_1606,
550,COM01123.00,2018,Fresnillo plc (100%),,det_1127,
551,COM01128.00,2019,Pan American Silver Corp. (95%),,det_1981,
552,COM01130.00,2019,Aluminium Corporation of China Ltd. (100%),Aluminium Corporation of China Ltd.,det_1772,
553,COM01131.00,2019,"Capstone Mining Corp. (70%), Korea Resources Corporation (30%)",,det_1356,
554,COM01132.00,2020,Aura Minerals Inc. (100%),,det_1605,
555,COM01133.00,2019,Vale S.A. (100%),,det_1371,
556,COM01134.00,2019,"BHP (50%), Mitsubishi Development (50%)",BHP Mitsubishi Alliance (BMA),det_1137,
557,COM01138.00,2018,Fresnillo plc (100%),,det_1127,
558,COM01140.00,2012,AngloGold Ashanti (100%),,det_1067,
559,COM01142.00,2019,Rusal Plc. (100%),,det_1781,
560,COM01143.00,2019,SSR Mining Inc. (100%),,det_1988,
561,COM01144.00,2015,"Rio Tinto (100%), sold on 1 June 2013",,det_1075,
562,COM01146.00,2003,BHP (100%),BHP,det_1351,
563,COM01150.00,2018,First Quantum Minerals Limited (100%),,det_3185,
564,COM01151.00,2016,"MMG (90%), Laos Government (10%)","Lane Xang Minerals Limited (LXML), subsidiary of MMG: MMG (90%), Laos Government (10%)",det_1302,
565,COM01152.00,2019,ArcelorMittal S.A. (100%),,det_1606,
566,COM01153.00,2018,AngloGold Ashanti (100%),,det_1065,
567,COM01154.00,2019,Vale S.A. (100%),,det_1371,
568,COM01155.00,2019,Vale S.A. (100%),,det_1371,
569,COM01156.00,2019,Vale S.A. (100%),,det_1371,
570,COM01164.00,2019,Pan American Silver Corp. (100%),,det_1981,
571,COM01166.00,2020,"Zijin Mining Group Co., Ltd. (70%)",,det_1816,
572,COM01169.00,2019,Aluminium Corporation of China Ltd. (85.98%),,det_1772,
573,COM01172.00,2015,Rio Tinto (100%),,det_1075,
574,COM01174.00,2019,China Shenhua Energy Company Ltd. (100%),,det_1979,
575,COM01175.00,2019,China Shenhua Energy Company Ltd. (62.82%),,det_1979,
576,COM01178.00,2013,Compania de Minas Buenaventura S.A.A. (100%),Compania de Minas Buenaventura S.A.A.,det_1913,
577,COM01180.00,2019,Peabody Energy Corp. (100%),,det_2215,
578,COM01183.00,2020,"Zijin Mining Group Co., Ltd. (100%)",,det_1815,
579,COM01184.00,2020,"Zijin Mining Group Co., Ltd. (56%)",,det_1817,
580,COM01190.00,2019,Freeport-McMoRan Inc. (100%),,det_1378,
581,COM01191.00,2018,AngloGold Ashanti (85%),,det_1065,
582,COM01198.00,2019,CITIC Limited (100%),,det_1926,
583,COM01200.00,2020,Perseues Mining Ltd. (86%),,det_2055,
584,COM01201.00,2010,Anglo American plc (100%),,det_1114,
585,COM01201.00,2019,Vedanta Limited (100%),,det_1805,
586,COM01204.00,2018,Rio Tinto (20%),,det_1074,
587,COM01205.00,2013,Fresnillo plc (56%),,det_1128,
588,COM01206.00,2019,Peabody Energy Corp. (100%),,det_2215,
589,COM01207.00,2015,"Rio Tinto (50%), sold on 31 October 2014",,det_1075,
590,COM01209.00,2019,Vale S.A. (100%),,det_1371,
591,COM01214.00,2019,"BHP (80%), Mitsui and Co (20%)",BHP Mitsui Coal (BMC),det_1137,
592,COM01216.00,2014,MetInvest B.V. (45.9%),,det_1611,
593,COM01222.00,2018,Cloud Peak Energy Inc. (100%),,det_1960,
594,COM01224.00,2019,Novolipetsk Steel (100%),,det_1964,
595,COM01225.00,2019,ArcelorMittal S.A. (100%),,det_1606,
596,COM01227.00,2018,Sibanye-Stillwater (100%),,det_1093,
597,COM01229.00,2019,Novolipetsk Steel (100%),,det_1964,
598,COM01231.00,2018,Yancoal Australia Ltd (100%),,det_2447,
599,COM01243.00,2018,AngloGold Ashanti (100%),,det_1065,
600,COM01246.01,2019,PT Bayan Resources Tbk. (90%),,det_2616,
601,COM01246.02,2019,PT Bayan Resources Tbk. (90%),,det_2616,
602,COM01246.03,2019,PT Bayan Resources Tbk. (100%),,det_2616,
603,COM01247.00,2018,First Quantum Minerals Limited (100%),,det_3185,
604,COM01248.00,2019,Nickel Asia Corp. (65%),,det_2046,
605,COM01249.00,2019,Nickel Asia Corp. (10%),,det_2046,
606,COM01251.00,2019,Compania de Minas Buenaventura S.A.A. (61.43%),,det_1928,
607,COM01253.00,2020,"Zijin Mining Group Co., Ltd. (60%)",,det_1814,
608,COM01255.00,2019,Compania de Minas Buenaventura S.A.A. (100%),Compania de Minas Buenaventura S.A.A.,det_1928,
609,COM01256.00,2000,AngloGold Ashanti (100%),,det_1071,
610,COM01256.00,2017,Newmont Mining Corporation (100%),,det_1228,
611,COM01258.00,2019,Compania de Minas Buenaventura S.A.A. (40.10%),Compania de Minas Buenaventura S.A.A.,det_1928,
612,COM01265.00,2018,Kinross Gold (100%),Kinross Gold,det_1058,
613,COM01266.00,2010,AngloGold Ashanti (100%),,det_1067,
614,COM01267.00,2017,AngloGold Ashanti (100%),,det_1065,
615,COM01268.00,2019,PT Aneka Tambang Tbk (100%),,det_1810,
616,COM01269.00,2019,PT Bayan Resources Tbk. (100%),,det_2616,
617,COM01270.00,2018,Newcrest Mining Limited (100%),,det_1096,
618,COM01271.00,2016,GEMCO (100%),,det_1571,
619,COM01272.00,2019,ArcelorMittal S.A. (100%),,det_1606,
620,COM01273.00,2015,"Lundin Mining Corp. (24%), Freeport-McMoRan Inc. (56%), Gecamines S.A. (20%)",Freeport-McMoRan Inc.,det_1458,
621,COM01274.00,2016,Anglo American plc (48.20%),,det_1109,
622,COM01275.00,2020,Red River Resources Ltd. (100%),,det_2056,
623,COM01281.00,2019,CITIC Dameng Holdings Limited (100%),,det_2129,
624,COM01282.00,2019,Cleveland-Cliffs Inc. (100%),,det_1618,
625,COM01283.00,2019,Rusal Plc. (100%),,det_1781,
626,COM01284.01,2019,Pan American Silver Corp. (100%),,det_1981,
627,COM01284.02,2019,Pan American Silver Corp. (100%),,det_1981,
628,COM01285.00,2015,Rio Tinto (79.4%),,det_1074,
629,COM01287.00,2018,Rio Tinto (51.6%),,det_1074,
630,COM01289.00,2019,"Barrick Gold Corporation (89.7%), State of Côte d'Ivoire (10%), Ivorian investors (0.3%)",,det_1033,
631,COM01290.00,2018,Southern Copper Corporation,,det_1013,
632,COM01295.00,2020,Aeris Resources Ltd. (100%),,det_2032,
633,COM01296.00,2018,AngloGold Ashanti (70%),,det_1065,
634,COM01299.00,2017,PT Borneo Lumbung Energi & Metal Tbk. (99.99%),,det_2819,
635,COM01307.00,2019,Peabody Energy Corp. (100%),,det_2215,
636,COM01308.01,2017,Newmont Mining Corporation (100%),,det_1228,
637,COM01308.02,2017,Newmont Mining Corporation (25%),,det_1228,
638,COM01308.02,2019,"Barrick Gold Corporation (75%), Newmont Mining Corporation (25%)",,det_1028,
639,COM01310.00,2019,"African Rainbow Minerals Ltd. (54%), Impala Platinum (46%)",African Rainbow Minerals Ltd.,det_1763,
640,COM01311.00,2019,Freeport-McMoRan Inc. (100%),,det_1378,
641,COM01313.00,2020,Terracom Ltd. (48.9%),,det_2640,
642,COM01314.00,2019,Compania de Minas Buenaventura S.A.A. (100%),Compania de Minas Buenaventura S.A.A.,det_1928,
643,COM01316.00,2003,AngloGold Ashanti (100%),,det_1069,
644,COM01319.00,2019,Cleveland-Cliffs Inc. (100%),,det_1618,
645,COM01320.00,2018,Anglo American plc (78%),,det_1107,
646,COM01322.00,2019,Rusal Plc. (100%),,det_1781,
647,COM01325.00,2019,Vale S.A. (95%),,det_1371,
648,COM01326.00,2019,Vale S.A. (70%),,det_1371,
649,COM01327.00,2019,Vale S.A. (100%),,det_1371,
650,COM01329.00,2019,Vale S.A. (100%),,det_1371,
651,COM01331.00,2019,"Barrick Gold Corporation (50%), Shandong Gold (50%)",,det_1039,
652,COM01332.00,2018,Codelco (100%),,det_1381,
653,COM01333.00,2009,"Metorex Ltd. (55%), Medu Capital (15%) Minerales Y Productos Derivados S.A. (30%)",,det_2050,
654,COM01340.00,2019,Rusal Plc. (100%),,det_1781,
655,COM01342.00,2020,PAO Severstal (100%),PAO Severstal,det_1751,
656,COM01344.00,2018,Sibanye-Stillwater (50%),,det_1093,
657,COM01345.00,2014,Cleveland-Cliffs Inc. (100%),,det_1619,
658,COM01346.00,2018,"Newcrest Mining Limited (50%), Harmony Gold Mining Company Limited (50%)",,det_1096,
659,COM01348.00,2019,PT Bayan Resources Tbk. (100%),,det_2616,
660,COM01349.00,2019,CITIC Dameng Holdings Limited (100%),,det_2129,
661,COM01350.00,2013,Newmont Mining Corporation (100%),,det_1011,
662,COM01350.00,2019,OceanaGold Corp. (100%),,det_1962,
663,COM01355.00,2018,Rio Tinto (100%),,det_1074,
664,COM01359.00,2020,Whitehaven Coal Ltd. (100%),Whitehaven Coal Ltd.,det_2636,
665,COM01364.00,2019,ArcelorMittal S.A. (85%),,det_1606,
666,COM01370.00,2019,Peabody Energy Corp. (100%),,det_2215,
667,COM01371.01,2019,Peabody Energy Corp. (100%),,det_2215,
668,COM01371.02,2019,Peabody Energy Corp. (100%),,det_2215,
669,COM01373.00,2019,Peabody Energy Corp. (100%),,det_2215,
670,COM01375.00,2019,Rusal Plc. (100%),,det_1781,
671,COM01377.00,2019,Mineral Resources Limited (100%),,det_1748,
672,COM01378.00,2019,"South32 (86%), Japan Alumina Associates Pty Ltd. (10%), Sojitz Alumina Pty Ltd. (4%)",,det_1472,
673,COM01379.00,2020,"Zijin Mining Group Co., Ltd. (100%)",,det_1900,
674,COM01380.00,2019,Aluminium Corporation of China Ltd. (100%),Aluminium Corporation of China Ltd.,det_1772,
675,COM01381.00,2019,Aluminium Corporation of China Ltd. (100%),Aluminium Corporation of China Ltd.,det_1772,
676,COM01384.00,2018,"Zijin Mining Group Co., Ltd. (56%)",,det_1869,
677,COM01385.00,2019,Aluminium Corporation of China Ltd. (100%),Aluminium Corporation of China Ltd.,det_1772,
678,COM01387.00,2020,PAO Severstal (100%),PAO Severstal,det_1752,
679,COM01388.00,2017,Newmont Mining Corporation (54.05%),,det_1228,
680,COM01390.00,2019,"BHP (85%), ITOCHU Minerals and Energy of Australia (8%), Mitsui Iron Ore Corporation (7%)",BHP,det_1137,
681,COM01392.00,2019,Aluminium Corporation of China Ltd. (100%),Aluminium Corporation of China Ltd.,det_1772,
682,COM01395.00,2018,Yancoal Australia Ltd (100%),,det_2447,
683,COM01396.00,2018,Rio Tinto (100%),,det_1074,
684,COM01397.00,2018,AngloGold Ashanti (40%),,det_1065,
685,COM01399.00,2019,Sierra Metals Inc. (82%),Sociedad Minera Corona S.A.,det_1986,
686,COM01400.00,2018,MetInvest B.V. (92.2%),,det_1611,
687,COM01403.00,2017,"Zijin Mining Group Co., Ltd. (100%)",,det_1820,
688,COM01405.00,2017,"Zijin Mining Group Co., Ltd. (77.5%)",,det_1819,
689,COM01409.00,2018,Teck Resources Limited (80%),,det_1087,
690,COM01410.00,2019,"Barrick Gold Corporation (50%), Antofagasta Plc (50%)",Antofagasta Plc,det_1569,
691,COM01411.00,2018,MetInvest B.V. (56.9%),,det_1611,
692,COM01412.00,2018,MetInvest B.V. (49.9%),,det_1611,
693,COM01416.00,2019,"Vedanta Limited (64.9%), Government of India (29.5%)",Hindustan Zinc Limited,det_1805,
694,COM01418.00,2020,"Zijin Mining Group Co., Ltd. (70%)",,det_1811,
695,COM01428.00,2019,China Shenhua Energy Company Ltd. (57.76%),,det_1979,
696,COM01430.00,2020,"Zijin Mining Group Co., Ltd. (100%)",,det_1813,
697,COM01432.00,2020,Lundin Mining Corp. (100%),,det_1746,
698,COM01433.00,2018,Sibanye-Stillwater (74%),,det_1093,
699,COM01435.00,2019,Aluminium Corporation of China Ltd. (100%),Aluminium Corporation of China Ltd.,det_1772,
