facility_id,GID_0,GID_1,GID_2,GID_3,GID_4
COM00001.00,CAN,CAN.3_1,CAN.3.13_1,CAN.3.13.2_1,NA
COM00002.00,IND,IND.16_1,IND.16.11_1,IND.16.11.2_1,NA
COM00003.00,USA,USA.27_1,USA.27.2_1,NA,NA
COM00005.00,RUS,RUS.35_1,RUS.35.2_1,RUS.35.2.1_1,NA
COM00006.00,ARG,ARG.1_1,ARG.1.111_1,NA,NA
COM00008.00,ESP,ESP.11_1,ESP.11.1_1,ESP.11.1.10_1,ESP.11.1.10.11_1
COM00011.00,USA,USA.15_1,USA.15.42_1,NA,NA
COM00012.00,AUS,AUS.5_1,AUS.5.83_1,NA,NA
COM00013.00,SWE,SWE.10_1,SWE.10.5_1,NA,NA
COM00014.00,KAZ,KAZ.5_1,KAZ.5.2_1,NA,NA
COM00015.00,KAZ,KAZ.5_1,KAZ.5.2_1,NA,NA
COM00016.00,GHA,GHA.4_1,GHA.4.6_1,NA,NA
COM00017.00,SAU,SAU.9_1,NA,NA,NA
COM00018.00,MEX,MEX.26_1,MEX.26.3_1,NA,NA
COM00019.00,BRA,BRA.14_1,BRA.14.18_1,BRA.14.18.2_1,NA
COM00020.00,RUS,RUS.27_1,RUS.27.13_1,RUS.27.13.1_1,NA
COM00021.00,PRT,PRT.3_1,PRT.3.1_1,PRT.3.1.1_1,NA
COM00022.00,CAN,CAN.11_1,CAN.11.47_1,CAN.11.47.1_1,NA
COM00023.00,CAN,CAN.11_1,CAN.11.94_1,CAN.11.94.17_1,NA
COM00024.00,PER,PER.12_1,PER.12.9_1,PER.12.9.7_1,NA
COM00025.00,JAM,JAM.9_1,NA,NA,NA
COM00026.00,NGA,NGA.3_1,NGA.3.13_1,NA,NA
COM00027.00,ARG,ARG.18_1,ARG.18.3_1,NA,NA
COM00028.00,CHL,CHL.2_1,CHL.2.1_1,CHL.2.1.1_1,NA
COM00029.00,CMR,CMR.5_1,CMR.5.3_1,CMR.5.3.4_1,NA
COM00030.00,BRA,BRA.10_1,BRA.10.187_1,BRA.10.187.1_1,NA
COM00031.00,ARG,ARG.2_1,ARG.2.5_1,NA,NA
COM00032.00,BRA,BRA.14_1,BRA.14.18_1,BRA.14.18.2_1,NA
COM00033.00,ZAF,ZAF.5_1,ZAF.5.5_1,ZAF.5.5.6_1,ZAF.5.5.6.9_1
COM00034.00,BRA,BRA.3_1,BRA.3.10_1,BRA.3.10.1_1,NA
COM00035.00,MDG,MDG.5_1,MDG.5.1_1,MDG.5.1.5_1,MDG.5.1.5.18_1
COM00036.00,IND,IND.10_1,IND.10.1_1,IND.10.1.1_1,NA
COM00037.00,USA,USA.47_1,USA.47.123_1,NA,NA
COM00039.00,USA,USA.49_1,USA.49.8_1,NA,NA
COM00040.00,USA,USA.49_1,USA.49.10_1,NA,NA
COM00041.00,CHL,CHL.16_1,CHL.16.2_1,CHL.16.2.2_1,NA
COM00042.00,BRA,BRA.14_1,BRA.14.49_1,BRA.14.49.1_1,NA
COM00043.00,BRA,BRA.13_1,BRA.13.414_1,BRA.13.414.1_1,NA
COM00044.00,GBR,GBR.4_1,GBR.4.11_1,GBR.4.11.1_1,NA
COM00046.00,IND,IND.26_1,IND.26.1_1,IND.26.1.1_1,NA
COM00047.00,AUS,AUS.5_1,AUS.5.83_1,NA,NA
COM00048.00,PER,PER.2_1,PER.2.10_1,PER.2.10.14_1,NA
COM00049.00,PER,PER.8_1,PER.8.8_1,PER.8.8.4_1,NA
COM00050.00,PER,PER.9_1,PER.9.6_1,PER.9.6.6_1,NA
COM00051.00,BRA,BRA.14_1,BRA.14.42_1,BRA.14.42.1_1,NA
COM00052.00,USA,USA.51_1,USA.51.5_1,NA,NA
COM00053.00,RUS,RUS.27_1,RUS.27.20_1,RUS.27.20.1_1,NA
COM00054.00,CHL,CHL.2_1,CHL.2.3_1,CHL.2.3.1_1,NA
COM00056.00,BRA,BRA.13_1,BRA.13.804_1,BRA.13.804.1_1,NA
COM00057.00,BRA,BRA.13_1,BRA.13.43_1,BRA.13.43.1_1,NA
COM00058.00,DEU,DEU.5_1,DEU.5.1_1,DEU.5.1.1_1,DEU.5.1.1.1_1
COM00059.00,USA,USA.36_1,USA.36.18_1,NA,NA
COM00060.00,DEU,DEU.10_1,DEU.10.8_1,DEU.10.8.1_1,DEU.10.8.1.1_1
COM00061.00,ESP,ESP.16_1,ESP.16.2_1,ESP.16.2.1_1,ESP.16.2.1.27_1
COM00062.00,DEU,DEU.6_1,DEU.6.1_1,DEU.6.1.1_1,DEU.6.1.1.1_1
COM00063.00,BRA,BRA.8_1,BRA.8.70_1,BRA.8.70.2_1,NA
COM00064.00,POL,POL.7_1,POL.7.36_1,POL.7.36.1_1,NA
COM00067.00,AUS,AUS.11_1,AUS.11.137_1,NA,NA
COM00068.00,ZAF,ZAF.6_1,ZAF.6.3_1,ZAF.6.3.4_1,ZAF.6.3.4.27_1
COM00069.00,KAZ,KAZ.5_1,KAZ.5.11_1,NA,NA
COM00070.00,CAN,CAN.11_1,CAN.11.53_1,CAN.11.53.4_1,NA
COM00071.00,IDN,IDN.13_1,IDN.13.12_1,IDN.13.12.5_1,IDN.13.12.5.2_1
COM00072.00,CHN,CHN.28_1,CHN.28.2_1,CHN.28.2.5_1,NA
COM00073.00,KAZ,KAZ.2_1,KAZ.2.7_1,NA,NA
COM00074.00,KAZ,KAZ.9_1,KAZ.9.9_1,NA,NA
COM00075.00,ESP,ESP.1_1,ESP.1.5_1,ESP.1.5.4_1,ESP.1.5.4.6_1
COM00076.00,IRL,IRL.13_1,NA,NA,NA
COM00077.00,AUS,AUS.11_1,AUS.11.37_1,NA,NA
COM00078.00,UKR,UKR.6_1,UKR.6.9_1,NA,NA
COM00079.00,ESP,ESP.17_1,ESP.17.1_1,ESP.17.1.4_1,ESP.17.1.4.2_1
COM00080.00,GHA,GHA.10_1,GHA.10.4_1,NA,NA
COM00081.00,UKR,UKR.6_1,UKR.6.23_1,NA,NA
COM00082.00,BRA,BRA.14_1,BRA.14.90_1,BRA.14.90.1_1,NA
COM00083.00,AUS,AUS.5_1,AUS.5.83_1,NA,NA
COM00084.00,USA,USA.3_1,USA.3.14_1,NA,NA
COM00085.00,CAN,CAN.11_1,CAN.11.72_1,CAN.11.72.1_1,NA
COM00087.00,IDN,IDN.13_1,IDN.13.1_1,IDN.13.1.4_1,IDN.13.1.4.18_1
COM00088.00,USA,USA.29_1,USA.29.17_1,NA,NA
COM00089.00,KAZ,KAZ.9_1,KAZ.9.2_1,NA,NA
COM00090.00,IDN,IDN.15_1,IDN.15.5_1,IDN.15.5.16_1,IDN.15.5.16.1_1
COM00093.00,CHN,CHN.19_1,CHN.19.6_1,CHN.19.6.3_1,NA
COM00096.00,AUS,AUS.7_1,AUS.7.16_1,NA,NA
COM00097.00,BRA,BRA.13_1,BRA.13.60_1,BRA.13.60.1_1,NA
COM00099.00,USA,USA.45_1,USA.45.18_1,NA,NA
COM00100.00,BRA,BRA.9_1,BRA.9.33_1,BRA.9.33.1_1,NA
COM00101.00,IND,IND.29_1,IND.29.8_1,IND.29.8.1_1,NA
COM00102.00,MNG,MNG.15_1,MNG.15.5_1,NA,NA
COM00103.00,RUS,RUS.27_1,RUS.27.10_1,RUS.27.10.1_1,NA
COM00104.00,IDN,IDN.20_1,IDN.20.9_1,IDN.20.9.6_1,IDN.20.9.6.7_1
COM00105.00,IDN,IDN.13_1,IDN.13.11_1,IDN.13.11.9_1,IDN.13.11.9.4_1
COM00107.00,PER,PER.21_1,PER.21.6_1,PER.21.6.5_1,NA
COM00108.00,ZAF,ZAF.4_1,ZAF.4.10_1,ZAF.4.10.5_1,ZAF.4.10.5.12_1
COM00109.00,USA,USA.15_1,USA.15.78_1,NA,NA
COM00110.00,ZAF,ZAF.2_1,ZAF.2.2_1,ZAF.2.2.1_1,ZAF.2.2.1.7_1
COM00111.00,CAN,CAN.11_1,CAN.11.10_1,CAN.11.10.4_1,NA
COM00113.00,USA,USA.49_1,USA.49.41_1,NA,NA
COM00114.00,ZAF,ZAF.8_1,ZAF.8.5_1,ZAF.8.5.6_1,ZAF.8.5.6.6_1
COM00115.00,CHN,CHN.23_1,CHN.23.16_1,CHN.23.16.3_1,NA
COM00116.00,ZAF,ZAF.6_1,ZAF.6.3_1,ZAF.6.3.2_1,ZAF.6.3.2.8_1
COM00117.00,AUS,AUS.9_1,AUS.9.12_1,NA,NA
COM00119.00,KAZ,KAZ.5_1,KAZ.5.5_1,NA,NA
COM00120.00,AUS,AUS.5_1,AUS.5.118_1,NA,NA
COM00121.00,LUX,LUX.3_1,LUX.3.2_1,LUX.3.2.2_1,LUX.3.2.2.1_1
COM00123.00,MOZ,MOZ.10_1,MOZ.10.9_1,MOZ.10.9.2_1,NA
COM00124.00,AUS,AUS.5_1,AUS.5.95_1,NA,NA
COM00125.00,RUS,RUS.27_1,RUS.27.10_1,RUS.27.10.1_1,NA
COM00126.00,RUS,RUS.27_1,RUS.27.24_1,RUS.27.24.1_1,NA
COM00127.00,SWE,SWE.13_1,SWE.13.16_1,NA,NA
COM00128.00,USA,USA.35_1,USA.35.29_1,NA,NA
COM00130.00,GHA,GHA.10_1,GHA.10.4_1,NA,NA
COM00131.00,USA,USA.49_1,USA.49.3_1,NA,NA
COM00132.00,USA,USA.27_1,USA.27.44_1,NA,NA
COM00133.00,USA,USA.45_1,USA.45.18_1,NA,NA
COM00135.00,USA,USA.49_1,USA.49.51_1,NA,NA
COM00136.00,CAN,CAN.3_1,CAN.3.14_1,CAN.3.14.11_1,NA
COM00137.00,USA,USA.15_1,USA.15.28_1,NA,NA
COM00138.00,USA,USA.3_1,USA.3.10_1,NA,NA
COM00139.00,ZAF,ZAF.8_1,ZAF.8.3_1,ZAF.8.3.4_1,ZAF.8.3.4.4_1
COM00140.00,ZAF,ZAF.8_1,ZAF.8.2_1,ZAF.8.2.3_1,ZAF.8.2.3.10_1
COM00141.00,USA,USA.51_1,USA.51.3_1,NA,NA
COM00142.00,USA,USA.49_1,USA.49.31_1,NA,NA
COM00143.00,AUS,AUS.7_1,AUS.7.16_1,NA,NA
COM00144.00,AUS,AUS.7_1,AUS.7.34_1,NA,NA
COM00146.00,CAN,CAN.11_1,CAN.11.94_1,CAN.11.94.2_1,NA
COM00149.00,BRA,BRA.13_1,BRA.13.45_1,BRA.13.45.1_1,NA
COM00150.00,IND,IND.7_1,IND.7.14_1,IND.7.14.1_1,NA
COM00151.00,AUS,AUS.11_1,AUS.11.9_1,NA,NA
COM00152.00,GIN,GIN.1_1,GIN.1.1_1,GIN.1.1.1_1,NA
COM00153.00,KAZ,KAZ.8_1,KAZ.8.4_1,NA,NA
COM00154.00,AUS,AUS.5_1,AUS.5.97_1,NA,NA
COM00155.00,RUS,RUS.66_1,RUS.66.23_1,RUS.66.23.1_1,NA
COM00156.00,ZAF,ZAF.5_1,ZAF.5.3_1,ZAF.5.3.3_1,ZAF.5.3.3.4_1
COM00157.00,MEX,MEX.6_1,MEX.6.64_1,NA,NA
COM00158.00,RUS,RUS.27_1,RUS.27.20_1,RUS.27.20.1_1,NA
COM00159.00,CIV,CIV.5_1,CIV.5.1_1,CIV.5.1.2_1,CIV.5.1.2.2_1
COM00160.00,ZAF,ZAF.6_1,ZAF.6.2_1,ZAF.6.2.4_1,ZAF.6.2.4.15_1
COM00161.00,RUS,RUS.38_1,RUS.38.2_1,RUS.38.2.1_1,NA
COM00162.00,AUS,AUS.7_1,AUS.7.27_1,NA,NA
COM00163.00,KAZ,KAZ.8_1,KAZ.8.4_1,NA,NA
COM00164.00,KGZ,KGZ.4_1,KGZ.4.2_1,NA,NA
COM00165.00,CAN,CAN.11_1,CAN.11.84_1,CAN.11.84.6_1,NA
COM00166.00,ZAF,ZAF.6_1,ZAF.6.2_1,ZAF.6.2.3_1,ZAF.6.2.3.2_1
COM00167.00,RUS,RUS.18_1,RUS.18.10_1,RUS.18.10.1_1,NA
COM00168.00,PER,PER.5_1,PER.5.7_1,PER.5.7.1_1,NA
COM00169.00,AUS,AUS.7_1,AUS.7.34_1,NA,NA
COM00170.00,AUS,AUS.7_1,AUS.7.34_1,NA,NA
COM00171.00,AUS,AUS.6_1,AUS.6.14_1,NA,NA
COM00172.00,AUS,AUS.5_1,AUS.5.22_1,NA,NA
COM00173.00,ZAF,ZAF.7_1,ZAF.7.1_1,ZAF.7.1.5_1,ZAF.7.1.5.1_1
COM00174.00,CAN,CAN.4_1,CAN.4.4_1,CAN.4.4.3_1,NA
COM00175.00,RUS,RUS.27_1,RUS.27.3_1,RUS.27.3.1_1,NA
COM00176.00,USA,USA.47_1,USA.47.17_1,NA,NA
COM00177.00,USA,USA.36_1,USA.36.65_1,NA,NA
COM00178.00,MEX,MEX.26_1,MEX.26.18_1,NA,NA
COM00179.00,AUS,AUS.5_1,AUS.5.118_1,NA,NA
COM00180.00,TZA,TZA.23_1,TZA.23.2_1,TZA.23.2.5_1,NA
COM00182.00,USA,USA.15_1,USA.15.65_1,NA,NA
COM00183.00,ZAF,ZAF.6_1,ZAF.6.2_1,ZAF.6.2.2_1,ZAF.6.2.2.2_1
COM00184.00,AUS,AUS.7_1,AUS.7.34_1,NA,NA
COM00185.00,RUS,RUS.53_1,RUS.53.40_1,RUS.53.40.1_1,NA
COM00186.00,TZA,TZA.23_1,TZA.23.1_1,TZA.23.1.13_1,NA
COM00187.00,ZMB,ZMB.2_1,ZMB.2.10_1,NA,NA
COM00188.00,RUS,RUS.83_1,RUS.83.12_1,RUS.83.12.1_1,NA
COM00189.00,USA,USA.51_1,USA.51.3_1,NA,NA
COM00192.00,PHL,PHL.30_1,PHL.30.2_1,PHL.30.2.5_1,NA
COM00193.00,AUS,AUS.8_1,AUS.8.61_1,NA,NA
COM00194.00,BRA,BRA.25_1,BRA.25.104_1,BRA.25.104.1_1,NA
COM00195.00,AUS,AUS.7_1,AUS.7.3_1,NA,NA
COM00196.00,CAN,CAN.11_1,CAN.11.98_1,CAN.11.98.8_1,NA
COM00197.00,CHL,CHL.5_1,CHL.5.2_1,CHL.5.2.2_1,NA
COM00198.00,AUS,AUS.7_1,AUS.7.43_1,NA,NA
COM00199.00,CHL,CHL.6_1,CHL.6.3_1,CHL.6.3.8_1,NA
COM00200.00,CHL,CHL.5_1,CHL.5.3_1,CHL.5.3.3_1,NA
COM00202.00,VEN,VEN.25_1,VEN.25.13_1,NA,NA
COM00203.00,AUS,AUS.7_1,AUS.7.34_1,NA,NA
COM00204.00,CAN,CAN.1_1,CAN.1.5_1,CAN.1.5.4_1,NA
COM00206.00,USA,USA.3_1,USA.3.4_1,NA,NA
COM00207.00,CHL,CHL.7_1,CHL.7.2_1,CHL.7.2.2_1,NA
COM00208.00,AUS,AUS.11_1,AUS.11.61_1,NA,NA
COM00209.00,AUS,AUS.8_1,AUS.8.61_1,NA,NA
COM00210.00,BRA,BRA.13_1,BRA.13.202_1,BRA.13.202.2_1,NA
COM00211.00,ARG,ARG.18_1,ARG.18.3_1,NA,NA
COM00212.00,BRA,BRA.9_1,BRA.9.168_1,BRA.9.168.1_1,NA
COM00213.00,BRA,BRA.9_1,BRA.9.59_1,BRA.9.59.1_1,NA
COM00214.00,ZAF,ZAF.4_1,ZAF.4.2_1,ZAF.4.2.1_1,ZAF.4.2.1.1_1
COM00215.00,AUS,AUS.7_1,AUS.7.34_1,NA,NA
COM00216.00,TUR,TUR.65_1,TUR.65.3_1,NA,NA
COM00217.00,GIN,GIN.5_1,GIN.5.5_1,GIN.5.5.7_1,NA
COM00218.00,POL,POL.1_1,POL.1.13_1,POL.1.13.3_1,NA
COM00219.00,MEX,MEX.10_1,MEX.10.5_1,NA,NA
COM00220.00,CHL,CHL.2_1,CHL.2.1_1,CHL.2.1.3_1,NA
COM00223.00,AUS,AUS.11_1,AUS.11.34_1,NA,NA
COM00224.00,AUS,AUS.7_1,AUS.7.12_1,NA,NA
COM00225.00,COL,COL.18_1,COL.18.4_1,NA,NA
COM00226.00,CHL,CHL.1_1,CHL.1.4_1,CHL.1.4.1_1,NA
COM00227.00,PER,PER.20_1,PER.20.3_1,PER.20.3.9_1,NA
COM00228.00,COL,COL.13_1,COL.13.11_1,NA,NA
COM00229.00,ARG,ARG.20_1,ARG.20.2_1,NA,NA
COM00230.00,ARG,ARG.20_1,ARG.20.5_1,NA,NA
COM00231.00,CHL,CHL.5_1,CHL.5.2_1,CHL.5.2.2_1,NA
COM00232.00,ARG,ARG.20_1,ARG.20.2_1,NA,NA
COM00233.00,PER,PER.4_1,PER.4.1_1,PER.4.1.29_1,NA
COM00234.00,CHL,CHL.16_1,CHL.16.6_1,CHL.16.6.2_1,NA
COM00236.00,AUS,AUS.5_1,AUS.5.151_1,NA,NA
COM00242.00,IND,IND.29_1,IND.29.10_1,IND.29.10.4_1,NA
COM00244.00,BRA,BRA.9_1,BRA.9.168_1,BRA.9.168.1_1,NA
COM00246.00,AUS,AUS.5_1,AUS.5.90_1,NA,NA
COM00247.00,RUS,RUS.27_1,RUS.27.3_1,RUS.27.3.1_1,NA
COM00248.00,RUS,RUS.78_1,RUS.78.5_1,RUS.78.5.1_1,NA
COM00249.00,RUS,RUS.27_1,RUS.27.10_1,RUS.27.10.1_1,NA
COM00250.00,ZMB,ZMB.2_1,ZMB.2.6_1,NA,NA
COM00251.00,CHN,CHN.19_1,CHN.19.4_1,CHN.19.4.5_1,NA
COM00253.00,USA,USA.32_1,USA.32.10_1,NA,NA
COM00254.00,GHA,GHA.10_1,GHA.10.4_1,NA,NA
COM00255.00,CHN,CHN.10_1,CHN.10.11_1,CHN.10.11.2_1,NA
COM00256.00,IND,IND.7_1,IND.7.16_1,IND.7.16.1_1,NA
COM00257.00,PER,PER.20_1,PER.20.3_1,PER.20.3.4_1,NA
COM00258.00,MEX,MEX.10_1,MEX.10.35_1,NA,NA
COM00259.00,USA,USA.39_1,USA.39.2_1,NA,NA
COM00260.00,AUS,AUS.5_1,AUS.5.83_1,NA,NA
COM00261.00,AUS,AUS.7_1,AUS.7.34_1,NA,NA
COM00262.00,AUS,AUS.11_1,AUS.11.72_1,NA,NA
COM00264.00,USA,USA.6_1,USA.6.35_1,NA,NA
COM00265.00,USA,USA.51_1,USA.51.3_1,NA,NA
COM00266.00,CAN,CAN.1_1,CAN.1.5_1,CAN.1.5.4_1,NA
COM00267.00,USA,USA.49_1,USA.49.23_1,NA,NA
COM00268.00,USA,USA.39_1,USA.39.15_1,NA,NA
COM00269.00,ESP,ESP.1_1,ESP.1.8_1,ESP.1.8.1_1,ESP.1.8.1.13_1
COM00270.00,PAN,PAN.4_1,PAN.4.3_1,PAN.4.3.6_1,NA
COM00271.00,AUS,AUS.11_1,AUS.11.40_1,NA,NA
COM00273.00,BRA,BRA.9_1,BRA.9.155_1,BRA.9.155.1_1,NA
COM00275.00,CAN,CAN.9_1,CAN.9.11_1,CAN.9.11.1_1,NA
COM00277.00,AUS,AUS.7_1,AUS.7.20_1,NA,NA
COM00278.00,AUS,AUS.7_1,AUS.7.70_1,NA,NA
COM00279.00,USA,USA.6_1,USA.6.42_1,NA,NA
COM00280.00,USA,USA.27_1,USA.27.44_1,NA,NA
COM00281.00,PER,PER.6_1,PER.6.2_1,PER.6.2.5_1,NA
COM00282.00,ZAF,ZAF.5_1,ZAF.5.2_1,ZAF.5.2.1_1,ZAF.5.2.1.2_1
COM00283.00,PER,PER.8_1,PER.8.6_1,PER.8.6.8_1,NA
COM00286.00,BRA,BRA.9_1,BRA.9.168_1,BRA.9.168.1_1,NA
COM00287.00,AUS,AUS.7_1,AUS.7.34_1,NA,NA
COM00288.00,CAN,CAN.9_1,CAN.9.11_1,CAN.9.11.1_1,NA
COM00289.00,CAN,CAN.9_1,CAN.9.11_1,CAN.9.11.1_1,NA
COM00290.00,IDN,IDN.27_1,IDN.27.5_1,IDN.27.5.12_1,IDN.27.5.12.6_1
COM00291.00,PHL,PHL.59_1,PHL.59.5_1,PHL.59.5.13_1,NA
COM00292.00,USA,USA.51_1,USA.51.3_1,NA,NA
COM00295.00,BRA,BRA.11_1,BRA.11.68_1,BRA.11.68.1_1,NA
COM00296.00,AUS,AUS.11_1,AUS.11.72_1,NA,NA
COM00297.00,AUS,AUS.5_1,AUS.5.13_1,NA,NA
COM00298.00,USA,USA.35_1,USA.35.29_1,NA,NA
COM00299.00,MEX,MEX.32_1,MEX.32.50_1,NA,NA
COM00300.00,AUS,AUS.7_1,AUS.7.3_1,NA,NA
COM00301.00,CAN,CAN.9_1,CAN.9.11_1,CAN.9.11.1_1,NA
COM00302.00,USA,USA.6_1,USA.6.61_1,NA,NA
COM00304.00,AUS,AUS.5_1,AUS.5.34_1,NA,NA
COM00305.00,PER,PER.19_1,PER.19.3_1,PER.19.3.6_1,NA
COM00306.00,BRA,BRA.25_1,BRA.25.150_1,BRA.25.150.1_1,NA
COM00307.00,USA,USA.47_1,USA.47.131_1,NA,NA
COM00308.00,AUS,AUS.5_1,AUS.5.118_1,NA,NA
COM00309.00,AUS,AUS.7_1,AUS.7.16_1,NA,NA
COM00310.00,MEX,MEX.6_1,MEX.6.19_1,NA,NA
COM00311.00,IND,IND.26_1,IND.26.20_1,IND.26.20.2_1,NA
COM00313.00,IND,IND.29_1,IND.29.28_1,IND.29.28.7_1,NA
COM00314.00,AUS,AUS.11_1,AUS.11.128_1,NA,NA
COM00315.00,AUS,AUS.11_1,AUS.11.72_1,NA,NA
COM00316.00,AUS,AUS.5_1,AUS.5.131_1,NA,NA
COM00319.00,AUS,AUS.7_1,AUS.7.34_1,NA,NA
COM00320.00,AUS,AUS.7_1,AUS.7.3_1,NA,NA
COM00323.00,IND,IND.29_1,IND.29.33_1,IND.29.33.8_1,NA
COM00324.00,USA,USA.27_1,USA.27.2_1,NA,NA
COM00325.00,CHN,CHN.21_1,CHN.21.1_1,CHN.21.1.3_1,NA
COM00326.00,AUS,AUS.11_1,AUS.11.138_1,NA,NA
COM00327.00,AUS,AUS.11_1,AUS.11.75_1,NA,NA
COM00328.00,ZAF,ZAF.6_1,ZAF.6.3_1,ZAF.6.3.6_1,ZAF.6.3.6.7_1
COM00329.00,RUS,RUS.60_1,RUS.60.18_1,RUS.60.18.1_1,NA
COM00330.00,CAN,CAN.11_1,CAN.11.87_1,CAN.11.87.2_1,NA
COM00331.00,GIN,GIN.1_1,GIN.1.2_1,GIN.1.2.2_1,NA
COM00332.00,CAN,CAN.6_1,CAN.6.1_1,CAN.6.1.8_1,NA
COM00333.00,PHL,PHL.63_1,PHL.63.5_1,PHL.63.5.8_1,NA
COM00334.00,USA,USA.39_1,USA.39.30_1,NA,NA
COM00335.00,USA,USA.18_1,USA.18.113_1,NA,NA
COM00336.00,CAN,CAN.9_1,CAN.9.16_1,CAN.9.16.1_1,NA
COM00337.00,RUS,RUS.39_1,RUS.39.3_1,RUS.39.3.1_1,NA
COM00338.00,MEX,MEX.6_1,MEX.6.40_1,NA,NA
COM00339.00,CHN,CHN.25_1,CHN.25.7_1,CHN.25.7.2_1,NA
COM00340.00,USA,USA.2_1,USA.2.4_1,NA,NA
COM00341.00,USA,USA.18_1,USA.18.117_1,NA,NA
COM00342.00,AUS,AUS.5_1,AUS.5.95_1,NA,NA
COM00344.00,ZAF,ZAF.3_1,ZAF.3.5_1,ZAF.3.5.1_1,ZAF.3.5.1.7_1
COM00347.00,RUS,RUS.58_1,RUS.58.19_1,RUS.58.19.1_1,NA
COM00350.00,UKR,UKR.15_1,UKR.15.31_1,NA,NA
COM00351.00,CAN,CAN.5_1,CAN.5.8_1,CAN.5.8.6_1,NA
COM00352.00,AUS,AUS.7_1,AUS.7.19_1,NA,NA
COM00353.00,USA,USA.45_1,USA.45.4_1,NA,NA
COM00355.00,FRA,FRA.7_1,FRA.7.2_1,FRA.7.2.4_1,FRA.7.2.4.12_1
COM00356.00,FRA,FRA.7_1,FRA.7.2_1,FRA.7.2.4_1,FRA.7.2.4.11_1
COM00357.00,CHN,CHN.11_1,CHN.11.5_1,CHN.11.5.4_1,NA
COM00358.00,ZAF,ZAF.4_1,ZAF.4.1_1,ZAF.4.1.1_1,ZAF.4.1.1.1_1
COM00359.00,RUS,RUS.12_1,RUS.12.4_1,RUS.12.4.1_1,NA
COM00360.00,ZAF,ZAF.5_1,ZAF.5.3_1,ZAF.5.3.4_1,ZAF.5.3.4.25_1
COM00361.00,USA,USA.49_1,USA.49.55_1,NA,NA
COM00362.00,RUS,RUS.60_1,RUS.60.28_1,RUS.60.28.1_1,NA
COM00363.00,USA,USA.23_1,USA.23.56_1,NA,NA
COM00364.00,USA,USA.44_1,USA.44.159_1,NA,NA
COM00365.00,USA,USA.27_1,USA.27.49_1,NA,NA
COM00367.00,USA,USA.39_1,USA.39.2_1,NA,NA
COM00368.00,GHA,GHA.3_1,GHA.3.13_1,NA,NA
COM00369.00,AUS,AUS.11_1,AUS.11.130_1,NA,NA
COM00370.00,DEU,DEU.4_1,DEU.4.11_1,DEU.4.11.3_1,DEU.4.11.3.1_1
COM00371.00,CAN,CAN.6_1,CAN.6.1_1,CAN.6.1.8_1,NA
COM00372.00,CHL,CHL.2_1,CHL.2.2_1,CHL.2.2.1_1,NA
COM00373.00,CHL,CHL.5_1,CHL.5.3_1,CHL.5.3.4_1,NA
COM00374.00,MEX,MEX.3_1,MEX.3.1_1,NA,NA
COM00375.00,COL,COL.11_1,COL.11.10_1,NA,NA
COM00376.00,CHL,CHL.2_1,CHL.2.1_1,CHL.2.1.1_1,NA
COM00378.00,CHL,CHL.7_1,CHL.7.2_1,CHL.7.2.4_1,NA
COM00379.00,MEX,MEX.6_1,MEX.6.8_1,NA,NA
COM00380.00,USA,USA.32_1,USA.32.4_1,NA,NA
COM00381.00,CHL,CHL.16_1,CHL.16.4_1,CHL.16.4.1_1,NA
COM00382.00,CHL,CHL.8_1,CHL.8.1_1,CHL.8.1.7_1,NA
COM00383.00,MEX,MEX.26_1,MEX.26.49_1,NA,NA
COM00384.00,IDN,IDN.20_1,IDN.20.10_1,IDN.20.10.10_1,IDN.20.10.10.3_1
COM00385.00,IND,IND.15_1,IND.15.1_1,IND.15.1.2_1,NA
COM00386.00,CAN,CAN.11_1,CAN.11.84_1,CAN.11.84.6_1,NA
COM00387.00,RUS,RUS.60_1,RUS.60.18_1,RUS.60.18.1_1,NA
COM00388.00,CAN,CAN.9_1,CAN.9.11_1,CAN.9.11.1_1,NA
COM00389.00,USA,USA.45_1,USA.45.8_1,NA,NA
COM00390.00,USA,USA.23_1,USA.23.56_1,NA,NA
COM00391.00,AUS,AUS.5_1,AUS.5.34_1,NA,NA
COM00392.00,AUS,AUS.6_1,AUS.6.17_1,NA,NA
COM00393.00,AUS,AUS.7_1,AUS.7.16_1,NA,NA
COM00394.00,ZAF,ZAF.3_1,ZAF.3.3_1,ZAF.3.3.1_1,ZAF.3.3.1.74_1
COM00396.00,GTM,GTM.18_1,GTM.18.10_1,NA,NA
COM00397.00,CHL,CHL.2_1,CHL.2.1_1,CHL.2.1.1_1,NA
COM00398.00,CAN,CAN.2_1,CAN.2.15_1,CAN.2.15.20_1,NA
COM00400.00,ITA,ITA.14_1,ITA.14.2_1,ITA.14.2.16_1,NA
COM00403.00,AUS,AUS.11_1,AUS.11.138_1,NA,NA
COM00405.00,BRA,BRA.13_1,BRA.13.523_1,BRA.13.523.1_1,NA
COM00406.00,USA,USA.1_1,USA.1.37_1,NA,NA
COM00407.00,DOM,DOM.16_1,DOM.16.1_1,NA,NA
COM00408.00,USA,USA.35_1,USA.35.28_1,NA,NA
COM00409.00,USA,USA.15_1,USA.15.78_1,NA,NA
COM00410.00,BRA,BRA.5_1,BRA.5.375_1,BRA.5.375.1_1,NA
COM00411.00,USA,USA.49_1,USA.49.31_1,NA,NA
COM00412.00,BRA,BRA.13_1,BRA.13.642_1,BRA.13.642.1_1,NA
COM00413.00,UKR,UKR.18_1,UKR.18.10_1,NA,NA
COM00414.00,USA,USA.19_1,USA.19.35_1,NA,NA
COM00415.00,ISL,ISL.1_1,ISL.1.8_1,NA,NA
COM00416.00,USA,USA.18_1,USA.18.13_1,NA,NA
COM00417.00,PHL,PHL.74_1,PHL.74.4_1,PHL.74.4.5_1,NA
COM00418.00,USA,USA.2_1,USA.2.8_1,NA,NA
COM00419.00,CAN,CAN.1_1,CAN.1.2_1,CAN.1.2.14_1,NA
COM00420.00,BRA,BRA.13_1,BRA.13.296_1,BRA.13.296.1_1,NA
COM00422.00,AUS,AUS.11_1,AUS.11.75_1,NA,NA
COM00423.00,FRA,FRA.13_1,FRA.13.3_1,FRA.13.3.3_1,FRA.13.3.3.4_1
COM00424.00,AUS,AUS.7_1,AUS.7.34_1,NA,NA
COM00425.00,USA,USA.15_1,USA.15.26_1,NA,NA
COM00426.00,CHL,CHL.5_1,CHL.5.1_1,CHL.5.1.2_1,NA
COM00427.00,ZWE,ZWE.4_1,ZWE.4.1_1,NA,NA
COM00428.00,USA,USA.35_1,USA.35.29_1,NA,NA
COM00429.00,MEX,MEX.32_1,MEX.32.11_1,NA,NA
COM00430.00,GIN,GIN.1_1,GIN.1.3_1,GIN.1.3.3_1,NA
COM00431.00,COD,COD.3_1,COD.3.9_1,NA,NA
COM00432.00,ECU,ECU.24_1,ECU.24.8_1,ECU.24.8.2_1,NA
COM00433.00,ARE,ARE.4_1,ARE.4.1_1,ARE.4.1.1_1,NA
COM00436.00,CHL,CHL.2_1,CHL.2.2_1,CHL.2.2.3_1,NA
COM00437.00,ROU,ROU.19_1,ROU.19.25_1,NA,NA
COM00438.00,USA,USA.13_1,USA.13.40_1,NA,NA
COM00439.00,IRL,IRL.10_1,NA,NA,NA
COM00441.00,CHN,CHN.25_1,CHN.25.1_1,CHN.25.1.12_1,NA
COM00442.00,SWE,SWE.2_1,SWE.2.6_1,NA,NA
COM00443.00,CAN,CAN.9_1,CAN.9.11_1,CAN.9.11.1_1,NA
COM00444.00,USA,USA.15_1,USA.15.45_1,NA,NA
COM00445.00,USA,USA.14_1,USA.14.80_1,NA,NA
COM00446.00,TZA,TZA.4_1,TZA.4.3_1,TZA.4.3.25_1,NA
COM00447.00,AUS,AUS.6_1,AUS.6.7_1,NA,NA
COM00448.00,CAN,CAN.1_1,CAN.1.2_1,CAN.1.2.22_1,NA
COM00449.00,BEL,BEL.2_1,BEL.2.3_1,BEL.2.3.4_1,BEL.2.3.4.7_1
COM00450.00,USA,USA.41_1,USA.41.22_1,NA,NA
COM00451.00,BRA,BRA.17_1,BRA.17.129_1,BRA.17.129.2_1,NA
COM00452.00,BRA,BRA.13_1,BRA.13.58_1,BRA.13.58.1_1,NA
COM00453.00,CAN,CAN.9_1,CAN.9.51_1,CAN.9.51.1_1,NA
COM00454.00,USA,USA.11_1,USA.11.8_1,NA,NA
COM00455.00,BRA,BRA.6_1,BRA.6.104_1,BRA.6.104.1_1,NA
COM00456.00,USA,USA.34_1,USA.34.60_1,NA,NA
COM00457.00,BRA,BRA.21_1,BRA.21.96_1,BRA.21.96.1_1,NA
COM00458.00,BRA,BRA.13_1,BRA.13.207_1,BRA.13.207.2_1,NA
COM00459.00,BRA,BRA.19_1,BRA.19.67_1,BRA.19.67.26_1,NA
COM00460.00,BRA,BRA.13_1,BRA.13.249_1,BRA.13.249.1_1,NA
COM00461.00,USA,USA.4_1,USA.4.66_1,NA,NA
COM00462.00,BRA,BRA.16_1,BRA.16.23_1,BRA.16.23.1_1,NA
COM00463.00,USA,USA.23_1,USA.23.38_1,NA,NA
COM00464.00,USA,USA.43_1,USA.43.55_1,NA,NA
COM00465.00,CAN,CAN.3_1,CAN.3.4_1,CAN.3.4.4_1,NA
COM00466.00,USA,USA.44_1,USA.44.71_1,NA,NA
COM00467.00,BRA,BRA.25_1,BRA.25.345_1,BRA.25.345.3_1,NA
COM00468.00,USA,USA.36_1,USA.36.44_1,NA,NA
COM00469.00,BRA,BRA.13_1,BRA.13.202_1,BRA.13.202.3_1,NA
COM00470.00,USA,USA.47_1,USA.47.37_1,NA,NA
COM00471.00,BRA,BRA.25_1,BRA.25.429_1,BRA.25.429.1_1,NA
COM00472.00,BRA,BRA.21_1,BRA.21.391_1,BRA.21.391.1_1,NA
COM00473.00,BRA,BRA.25_1,BRA.25.31_1,BRA.25.31.1_1,NA
COM00474.00,BRA,BRA.13_1,BRA.13.792_1,BRA.13.792.18_1,NA
COM00475.00,USA,USA.24_1,USA.24.63_1,NA,NA
COM00476.00,BRA,BRA.5_1,BRA.5.377_1,BRA.5.377.1_1,NA
COM00477.00,CAN,CAN.9_1,CAN.9.7_1,CAN.9.7.9_1,NA
COM00478.00,USA,USA.16_1,USA.16.70_1,NA,NA
COM00479.00,CAN,CAN.9_1,CAN.9.11_1,CAN.9.11.1_1,NA
COM00480.00,USA,USA.15_1,USA.15.26_1,NA,NA
COM00481.00,POL,POL.1_1,POL.1.3_1,POL.1.3.1_1,NA
COM00482.00,ZAF,ZAF.6_1,ZAF.6.3_1,ZAF.6.3.4_1,ZAF.6.3.4.26_1
COM00483.00,ZAF,ZAF.6_1,ZAF.6.3_1,ZAF.6.3.3_1,ZAF.6.3.3.24_1
COM00484.00,AUS,AUS.11_1,AUS.11.138_1,NA,NA
COM00485.00,USA,USA.27_1,USA.27.22_1,NA,NA
COM00486.00,CAN,CAN.11_1,CAN.11.98_1,CAN.11.98.15_1,NA
COM00487.00,USA,USA.29_1,USA.29.7_1,NA,NA
COM00490.00,IDN,IDN.18_1,IDN.18.5_1,IDN.18.5.5_1,IDN.18.5.5.1_1
COM00491.00,AUS,AUS.6_1,AUS.6.7_1,NA,NA
COM00493.00,CAN,CAN.11_1,CAN.11.53_1,CAN.11.53.6_1,NA
COM00494.00,USA,USA.14_1,USA.14.58_1,NA,NA
COM00495.00,AUS,AUS.11_1,AUS.11.71_1,NA,NA
COM00496.00,IDN,IDN.23_1,IDN.23.17_1,IDN.23.17.12_1,IDN.23.17.12.6_1
COM00497.00,USA,USA.23_1,USA.23.86_1,NA,NA
COM00498.00,ZAF,ZAF.2_1,ZAF.2.1_1,ZAF.2.1.3_1,ZAF.2.1.3.17_1
COM00499.00,USA,USA.49_1,USA.49.13_1,NA,NA
COM00500.00,USA,USA.2_1,USA.2.10_1,NA,NA
COM00501.00,ZAF,ZAF.6_1,ZAF.6.3_1,ZAF.6.3.3_1,ZAF.6.3.3.11_1
COM00503.00,AUS,AUS.11_1,AUS.11.27_1,NA,NA
COM00504.00,ZAF,ZAF.5_1,ZAF.5.5_1,ZAF.5.5.2_1,ZAF.5.5.2.5_1
COM00505.00,AUS,AUS.7_1,AUS.7.34_1,NA,NA
COM00506.00,ARG,ARG.18_1,ARG.18.8_1,NA,NA
COM00507.00,CHL,CHL.2_1,CHL.2.1_1,CHL.2.1.4_1,NA
COM00508.00,MRT,MRT.9_1,MRT.9.1_1,NA,NA
COM00514.00,USA,USA.49_1,USA.49.31_1,NA,NA
COM00515.00,AUS,AUS.7_1,AUS.7.34_1,NA,NA
COM00516.00,USA,USA.41_1,USA.41.29_1,NA,NA
COM00518.00,AUS,AUS.11_1,AUS.11.3_1,NA,NA
COM00519.00,AUS,AUS.11_1,AUS.11.3_1,NA,NA
COM00521.00,USA,USA.14_1,USA.14.33_1,NA,NA
COM00522.00,CAN,CAN.9_1,CAN.9.16_1,CAN.9.16.1_1,NA
COM00523.00,PER,PER.3_1,PER.3.6_1,PER.3.6.1_1,NA
COM00524.00,IND,IND.35_1,IND.35.7_1,IND.35.7.1_1,NA
COM00525.00,FIN,FIN.5_1,FIN.5.7_1,FIN.5.7.2_1,FIN.5.7.2.1_1
COM00526.00,USA,USA.51_1,USA.51.21_1,NA,NA
COM00527.00,USA,USA.18_1,USA.18.97_1,NA,NA
COM00529.00,CAN,CAN.9_1,CAN.9.48_1,CAN.9.48.31_1,NA
COM00530.00,USA,USA.6_1,USA.6.11_1,NA,NA
COM00531.00,AUS,AUS.9_1,AUS.9.29_1,NA,NA
COM00532.00,MEX,MEX.7_1,MEX.7.34_1,NA,NA
COM00533.00,MEX,MEX.26_1,MEX.26.48_1,NA,NA
COM00534.00,USA,USA.24_1,USA.24.70_1,NA,NA
COM00535.00,PNG,PNG.14_1,PNG.14.1_1,NA,NA
COM00536.00,AUS,AUS.11_1,AUS.11.28_1,NA,NA
COM00537.00,USA,USA.18_1,USA.18.113_1,NA,NA
COM00538.00,CAN,CAN.2_1,CAN.2.28_1,CAN.2.28.35_1,NA
COM00539.00,CAN,CAN.1_1,CAN.1.2_1,CAN.1.2.30_1,NA
COM00540.00,ZAF,ZAF.4_1,ZAF.4.10_1,ZAF.4.10.5_1,ZAF.4.10.5.12_1
COM00541.00,PHL,PHL.74_1,PHL.74.20_1,PHL.74.20.40_1,NA
COM00543.00,CAN,CAN.9_1,CAN.9.5_1,CAN.9.5.2_1,NA
COM00545.00,USA,USA.6_1,USA.6.27_1,NA,NA
COM00547.00,PER,PER.20_1,PER.20.3_1,PER.20.3.4_1,NA
COM00549.00,USA,USA.49_1,USA.49.31_1,NA,NA
COM00550.00,ROU,ROU.23_1,ROU.23.34_1,NA,NA
COM00551.00,AUS,AUS.5_1,AUS.5.118_1,NA,NA
COM00553.00,GHA,GHA.10_1,GHA.10.13_1,NA,NA
COM00555.00,PER,PER.19_1,PER.19.2_1,PER.19.2.3_1,NA
COM00557.00,USA,USA.47_1,USA.47.55_1,NA,NA
COM00559.00,UKR,UKR.6_1,UKR.6.23_1,NA,NA
COM00560.00,MEX,MEX.24_1,MEX.24.11_1,NA,NA
COM00561.00,MEX,MEX.32_1,MEX.32.41_1,NA,NA
COM00563.00,MEX,MEX.6_1,MEX.6.4_1,NA,NA
COM00565.00,ZAF,ZAF.6_1,ZAF.6.2_1,ZAF.6.2.2_1,ZAF.6.2.2.6_1
COM00566.00,ZAF,ZAF.6_1,ZAF.6.3_1,ZAF.6.3.3_1,ZAF.6.3.3.26_1
COM00567.00,RUS,RUS.60_1,RUS.60.18_1,RUS.60.18.1_1,NA
COM00568.00,USA,USA.15_1,USA.15.45_1,NA,NA
COM00569.00,UKR,UKR.5_1,UKR.5.23_1,NA,NA
COM00570.00,USA,USA.48_1,USA.48.37_1,NA,NA
COM00571.00,AUS,AUS.5_1,AUS.5.118_1,NA,NA
COM00572.00,ZAF,ZAF.6_1,ZAF.6.3_1,ZAF.6.3.3_1,ZAF.6.3.3.4_1
COM00573.00,BRA,BRA.13_1,BRA.13.360_1,BRA.13.360.2_1,NA
COM00574.00,RUS,RUS.35_1,RUS.35.24_1,RUS.35.24.1_1,NA
COM00575.00,RUS,RUS.18_1,RUS.18.30_1,RUS.18.30.1_1,NA
COM00576.00,CAN,CAN.5_1,CAN.5.1_1,CAN.5.1.6_1,NA
COM00577.00,AUS,AUS.11_1,AUS.11.46_1,NA,NA
COM00578.00,KAZ,KAZ.5_1,KAZ.5.5_1,NA,NA
COM00579.00,AUS,AUS.7_1,AUS.7.34_1,NA,NA
COM00581.00,PER,PER.4_1,PER.4.3_1,PER.4.3.6_1,NA
COM00582.00,ZAF,ZAF.6_1,ZAF.6.2_1,ZAF.6.2.3_1,ZAF.6.2.3.7_1
COM00584.00,BRA,BRA.13_1,BRA.13.384_1,BRA.13.384.2_1,NA
COM00585.00,USA,USA.49_1,USA.49.55_1,NA,NA
COM00586.00,SAU,SAU.5_1,NA,NA,NA
COM00587.00,AUS,AUS.8_1,AUS.8.61_1,NA,NA
COM00588.00,BRA,BRA.5_1,BRA.5.209_1,BRA.5.209.4_1,NA
COM00590.00,AUS,AUS.11_1,AUS.11.28_1,NA,NA
COM00591.00,AUS,AUS.7_1,AUS.7.16_1,NA,NA
COM00592.00,USA,USA.29_1,USA.29.5_1,NA,NA
COM00593.00,USA,USA.44_1,USA.44.147_1,NA,NA
COM00594.00,IND,IND.26_1,IND.26.14_1,IND.26.14.1_1,NA
COM00597.00,AUS,AUS.11_1,AUS.11.46_1,NA,NA
COM00598.00,CHN,CHN.5_1,CHN.5.14_1,CHN.5.14.5_1,NA
COM00600.00,BRA,BRA.13_1,BRA.13.414_1,BRA.13.414.1_1,NA
COM00601.00,USA,USA.18_1,USA.18.60_1,NA,NA
COM00602.00,CAN,CAN.11_1,CAN.11.53_1,CAN.11.53.4_1,NA
COM00603.00,PER,PER.9_1,PER.9.2_1,PER.9.2.3_1,NA
COM00604.00,RUS,RUS.40_1,RUS.40.4_1,RUS.40.4.1_1,NA
COM00605.00,AUS,AUS.11_1,AUS.11.133_1,NA,NA
COM00606.00,USA,USA.49_1,USA.49.3_1,NA,NA
COM00607.00,BRA,BRA.14_1,BRA.14.62_1,BRA.14.62.1_1,NA
COM00608.00,USA,USA.49_1,USA.49.55_1,NA,NA
COM00609.00,TZA,TZA.6_1,TZA.6.9_1,TZA.6.9.1_1,NA
COM00612.00,AUS,AUS.11_1,AUS.11.61_1,NA,NA
COM00613.00,USA,USA.49_1,USA.49.20_1,NA,NA
COM00614.00,RUS,RUS.45_1,RUS.45.2_1,RUS.45.2.1_1,NA
COM00615.00,ZAF,ZAF.6_1,ZAF.6.3_1,ZAF.6.3.6_1,ZAF.6.3.6.7_1
COM00616.00,RUS,RUS.60_1,RUS.60.36_1,RUS.60.36.1_1,NA
COM00617.00,AUS,AUS.11_1,AUS.11.61_1,NA,NA
COM00618.00,ZMB,ZMB.7_1,ZMB.7.6_1,NA,NA
COM00620.00,RUS,RUS.27_1,RUS.27.24_1,RUS.27.24.1_1,NA
COM00621.00,RUS,RUS.27_1,RUS.27.3_1,RUS.27.3.1_1,NA
COM00622.00,RUS,RUS.26_1,RUS.26.8_1,RUS.26.8.1_1,NA
COM00623.00,GUY,GUY.2_1,GUY.2.8_1,NA,NA
COM00625.00,IND,IND.29_1,IND.29.1_1,IND.29.1.1_1,NA
COM00626.00,USA,USA.3_1,USA.3.10_1,NA,NA
COM00628.00,USA,USA.24_1,USA.24.70_1,NA,NA
COM00629.00,IDN,IDN.15_1,IDN.15.5_1,IDN.15.5.7_1,IDN.15.5.7.11_1
COM00630.00,USA,USA.51_1,USA.51.12_1,NA,NA
COM00631.00,USA,USA.2_1,USA.2.10_1,NA,NA
COM00632.00,KAZ,KAZ.9_1,KAZ.9.4_1,NA,NA
COM00633.00,AUS,AUS.7_1,AUS.7.16_1,NA,NA
COM00634.00,USA,USA.48_1,USA.48.10_1,NA,NA
COM00635.00,FIN,FIN.2_1,FIN.2.1_1,FIN.2.1.3_1,FIN.2.1.3.2_1
COM00636.00,USA,USA.49_1,USA.49.27_1,NA,NA
COM00637.00,RUS,RUS.29_1,RUS.29.2_1,RUS.29.2.1_1,NA
COM00638.00,ZAF,ZAF.8_1,ZAF.8.2_1,ZAF.8.2.2_1,ZAF.8.2.2.3_1
COM00639.00,ZAF,ZAF.6_1,ZAF.6.3_1,ZAF.6.3.3_1,ZAF.6.3.3.24_1
COM00641.00,RUS,RUS.27_1,RUS.27.29_1,RUS.27.29.1_1,NA
COM00642.00,COD,COD.5_1,COD.5.10_1,NA,NA
COM00643.00,CAN,CAN.9_1,CAN.9.5_1,CAN.9.5.23_1,NA
COM00644.00,IDN,IDN.15_1,IDN.15.10_1,IDN.15.10.2_1,IDN.15.10.2.7_1
COM00645.00,IDN,IDN.16_1,IDN.16.2_1,IDN.16.2.8_1,IDN.16.2.8.1_1
COM00646.00,IDN,IDN.8_1,IDN.8.2_1,IDN.8.2.7_1,IDN.8.2.7.7_1
COM00647.00,GIN,GIN.5_1,GIN.5.4_1,GIN.5.4.7_1,NA
COM00648.00,COD,COD.3_1,COD.3.9_1,NA,NA
COM00649.00,COD,COD.3_1,COD.3.3_1,NA,NA
COM00650.00,IDN,IDN.13_1,IDN.13.12_1,IDN.13.12.6_1,IDN.13.12.6.5_1
COM00651.00,COD,COD.3_1,COD.3.1_1,NA,NA
COM00652.00,SWE,SWE.10_1,SWE.10.9_1,NA,NA
COM00653.00,RUS,RUS.27_1,RUS.27.24_1,RUS.27.24.1_1,NA
COM00654.00,CAN,CAN.2_1,CAN.2.15_1,CAN.2.15.19_1,NA
COM00655.00,FIN,FIN.2_1,FIN.2.1_1,FIN.2.1.6_1,FIN.2.1.6.2_1
COM00656.00,ZAF,ZAF.6_1,ZAF.6.3_1,ZAF.6.3.3_1,ZAF.6.3.3.24_1
COM00657.00,ZAF,ZAF.3_1,ZAF.3.5_1,ZAF.3.5.4_1,ZAF.3.5.4.1_1
COM00658.00,RUS,RUS.7_1,RUS.7.9_1,RUS.7.9.1_1,NA
COM00659.00,USA,USA.18_1,USA.18.60_1,NA,NA
COM00660.00,FIN,FIN.5_1,FIN.5.2_1,FIN.5.2.2_1,FIN.5.2.2.4_1
COM00661.00,ZAF,ZAF.8_1,ZAF.8.5_1,ZAF.8.5.6_1,ZAF.8.5.6.5_1
COM00662.00,COD,COD.15_1,COD.15.6_1,NA,NA
COM00663.00,UKR,UKR.6_1,UKR.6.37_1,NA,NA
COM00664.00,NCL,NCL.2_1,NCL.2.18_1,NA,NA
COM00665.00,AUS,AUS.11_1,AUS.11.40_1,NA,NA
COM00666.00,AUS,AUS.11_1,AUS.11.139_1,NA,NA
COM00667.00,ZAF,ZAF.6_1,ZAF.6.3_1,ZAF.6.3.4_1,ZAF.6.3.4.26_1
COM00668.00,ZAF,ZAF.2_1,ZAF.2.1_1,ZAF.2.1.3_1,ZAF.2.1.3.17_1
COM00669.00,IND,IND.7_1,IND.7.16_1,IND.7.16.2_1,NA
COM00671.00,KAZ,KAZ.5_1,KAZ.5.2_1,NA,NA
COM00673.00,KAZ,KAZ.9_1,KAZ.9.2_1,NA,NA
COM00674.00,RUS,RUS.45_1,RUS.45.5_1,RUS.45.5.1_1,NA
COM00676.00,RUS,RUS.27_1,RUS.27.20_1,RUS.27.20.1_1,NA
COM00677.00,RUS,RUS.35_1,RUS.35.33_1,RUS.35.33.1_1,NA
COM00679.00,ZAF,ZAF.6_1,ZAF.6.3_1,ZAF.6.3.3_1,ZAF.6.3.3.26_1
COM00680.00,ZAF,ZAF.7_1,ZAF.7.1_1,ZAF.7.1.5_1,ZAF.7.1.5.29_1
COM00681.00,UKR,UKR.5_1,UKR.5.8_1,NA,NA
COM00682.00,SWE,SWE.19_1,SWE.19.6_1,NA,NA
COM00683.00,AUS,AUS.11_1,AUS.11.28_1,NA,NA
COM00684.00,RUS,RUS.12_1,RUS.12.1_1,RUS.12.1.1_1,NA
COM00685.00,RUS,RUS.27_1,RUS.27.24_1,RUS.27.24.1_1,NA
COM00686.00,KAZ,KAZ.9_1,KAZ.9.6_1,NA,NA
COM00688.00,AUS,AUS.11_1,AUS.11.69_1,NA,NA
COM00689.00,FIN,FIN.1_1,FIN.1.1_1,FIN.1.1.2_1,FIN.1.1.2.7_1
COM00690.00,RUS,RUS.71_1,RUS.71.16_1,RUS.71.16.1_1,NA
COM00691.00,ZAF,ZAF.4_1,ZAF.4.10_1,ZAF.4.10.5_1,ZAF.4.10.5.17_1
COM00692.00,PER,PER.13_1,PER.13.9_1,PER.13.9.4_1,NA
COM00694.00,CHL,CHL.5_1,CHL.5.2_1,CHL.5.2.2_1,NA
COM00695.00,MEX,MEX.26_1,MEX.26.35_1,NA,NA
COM00696.00,MEX,MEX.26_1,MEX.26.52_1,NA,NA
COM00697.00,MEX,MEX.6_1,MEX.6.11_1,NA,NA
COM00698.00,PER,PER.6_1,PER.6.13_1,PER.6.13.6_1,NA
COM00699.00,PER,PER.13_1,PER.13.10_1,PER.13.10.5_1,NA
COM00700.00,CAN,CAN.9_1,CAN.9.13_1,CAN.9.13.1_1,NA
COM00701.00,CAN,CAN.3_1,CAN.3.13_1,CAN.3.13.15_1,NA
COM00702.00,IND,IND.26_1,IND.26.15_1,IND.26.15.1_1,NA
COM00705.00,CAN,CAN.11_1,CAN.11.98_1,CAN.11.98.11_1,NA
COM00706.00,USA,USA.19_1,USA.19.48_1,NA,NA
COM00707.00,CAN,CAN.11_1,CAN.11.2_1,CAN.11.2.13_1,NA
COM00708.00,PER,PER.3_1,PER.3.6_1,PER.3.6.1_1 ; PER.3.6.3_1,NA
COM00709.00,MEX,MEX.16_1,MEX.16.52_1,NA,NA
COM00710.00,CAN,CAN.11_1,CAN.11.53_1,CAN.11.53.2_1,NA
COM00711.00,IDN,IDN.15_1,IDN.15.2_1,IDN.15.2.4_1,IDN.15.2.4.4_1
COM00712.00,AUS,AUS.11_1,AUS.11.72_1,NA,NA
COM00713.00,MEX,MEX.16_1,MEX.16.52_1,NA,NA
COM00714.00,RUS,RUS.7_1,RUS.7.9_1,RUS.7.9.1_1,NA
COM00715.00,USA,USA.49_1,USA.49.46_1,NA,NA
COM00717.00,ZAF,ZAF.6_1,ZAF.6.3_1,ZAF.6.3.6_1,ZAF.6.3.6.7_1
COM00718.00,POL,POL.1_1,POL.1.10_1,POL.1.10.1_1,NA
COM00719.00,AUS,AUS.11_1,AUS.11.72_1,NA,NA
COM00720.00,AUS,AUS.11_1,AUS.11.40_1,NA,NA
COM00721.00,AUS,AUS.11_1,AUS.11.72_1,NA,NA
COM00723.00,USA,USA.25_1,USA.25.35_1,NA,NA
COM00724.00,AUS,AUS.5_1,AUS.5.118_1,NA,NA
COM00725.00,PNG,PNG.16_1,PNG.16.2_1,NA,NA
COM00727.00,CAN,CAN.2_1,CAN.2.11_1,CAN.2.11.19_1,NA
COM00728.00,KAZ,KAZ.10_1,KAZ.10.15_1,NA,NA
COM00729.00,IRL,IRL.22_1,NA,NA,NA
COM00730.00,NOR,NOR.18_1,NOR.18.3_1,NA,NA
COM00731.00,RUS,RUS.27_1,RUS.27.3_1,RUS.27.3.1_1,NA
COM00733.00,CHL,CHL.5_1,CHL.5.2_1,CHL.5.2.2_1,NA
COM00734.00,GBR,GBR.3_1,GBR.3.17_1,GBR.3.17.1_1,NA
COM00735.00,USA,USA.49_1,USA.49.55_1,NA,NA
COM00736.00,VEN,VEN.4_1,VEN.4.14_1,NA,NA
COM00737.00,CHL,CHL.5_1,CHL.5.2_1,CHL.5.2.3_1,NA
COM00738.00,USA,USA.47_1,USA.47.70_1,NA,NA
COM00739.00,USA,USA.29_1,USA.29.5_1,NA,NA
COM00741.00,CHN,CHN.5_1,CHN.5.9_1,CHN.5.9.5_1,NA
COM00743.00,COD,COD.3_1,COD.3.9_1,NA,NA
COM00745.00,CHL,CHL.5_1,CHL.5.3_1,CHL.5.3.3_1,NA
COM00746.00,MEX,MEX.12_1,MEX.12.29_1,NA,NA
COM00747.00,CHL,CHL.7_1,CHL.7.1_1,CHL.7.1.4_1,NA
COM00749.00,AUS,AUS.11_1,AUS.11.66_1,NA,NA
COM00750.00,USA,USA.49_1,USA.49.24_1,NA,NA
COM00751.00,ZMB,ZMB.2_1,ZMB.2.1_1,NA,NA
COM00752.00,POL,POL.1_1,POL.1.13_1,POL.1.13.1_1,NA
COM00753.00,RUS,RUS.56_1,RUS.56.26_1,RUS.56.26.1_1,NA
COM00754.00,ZMB,ZMB.7_1,ZMB.7.6_1,NA,NA
COM00757.00,GBR,GBR.1_1,GBR.1.65_1,GBR.1.65.1_1,NA
COM00758.00,NZL,NZL.3_1,NZL.3.10_1,NA,NA
COM00759.00,ZAF,ZAF.6_1,ZAF.6.3_1,ZAF.6.3.4_1,ZAF.6.3.4.27_1
COM00762.00,IND,IND.7_1,IND.7.26_1,IND.7.26.3_1,NA
COM00763.00,PER,PER.16_1,PER.16.8_1,PER.16.8.5_1,NA
COM00764.00,RUS,RUS.11_1,RUS.11.1_1,RUS.11.1.1_1,NA
COM00765.00,IDN,IDN.15_1,IDN.15.5_1,IDN.15.5.9_1,IDN.15.5.9.8_1
COM00766.00,ARG,ARG.20_1,ARG.20.6_1,NA,NA
COM00767.00,AUS,AUS.5_1,AUS.5.78_1,NA,NA
COM00768.00,AUS,AUS.5_1,AUS.5.95_1,NA,NA
COM00769.00,CHL,CHL.2_1,CHL.2.1_1,CHL.2.1.1_1,NA
COM00770.00,CHL,CHL.5_1,CHL.5.1_1,CHL.5.1.1_1,NA
COM00772.00,CAN,CAN.9_1,CAN.9.48_1,CAN.9.48.13_1,NA
COM00773.00,PER,PER.20_1,PER.20.3_1,PER.20.3.11_1,NA
COM00775.00,CHL,CHL.5_1,CHL.5.2_1,CHL.5.2.3_1,NA
COM00776.00,USA,USA.29_1,USA.29.8_1,NA,NA
COM00777.00,GTM,GTM.17_1,GTM.17.21_1,NA,NA
COM00778.00,USA,USA.44_1,USA.44.102_1,NA,NA
COM00779.00,IDN,IDN.32_1,IDN.32.30_1,IDN.32.30.7_1,IDN.32.30.7.4_1
COM00780.00,ARG,ARG.20_1,ARG.20.6_1,NA,NA
COM00781.00,USA,USA.33_1,USA.33.46_1,NA,NA
COM00782.00,ZAF,ZAF.6_1,ZAF.6.3_1,ZAF.6.3.3_1,ZAF.6.3.3.20_1
COM00783.00,AUS,AUS.5_1,AUS.5.97_1,NA,NA
COM00784.00,USA,USA.18_1,USA.18.98_1,NA,NA
COM00785.00,AUS,AUS.6_1,AUS.6.12_1,NA,NA
COM00786.00,CAN,CAN.8_1,CAN.8.2_1,CAN.8.2.1_1,NA
COM00787.00,MEX,MEX.26_1,MEX.26.48_1,NA,NA
COM00788.00,USA,USA.36_1,USA.36.54_1,NA,NA
COM00789.00,CAN,CAN.8_1,CAN.8.2_1,CAN.8.2.1_1,NA
COM00790.00,MEX,MEX.26_1,MEX.26.20_1,NA,NA
COM00791.00,SUR,SUR.9_1,SUR.9.6_1,NA,NA
COM00792.00,AUS,AUS.6_1,AUS.6.12_1,NA,NA
COM00794.00,AUS,AUS.5_1,AUS.5.149_1,NA,NA
COM00797.00,ZAF,ZAF.3_1,ZAF.3.4_1,ZAF.3.4.2_1,ZAF.3.4.2.8_1
COM00798.00,RUS,RUS.27_1,RUS.27.20_1,RUS.27.20.1_1,NA
COM00799.00,RUS,RUS.71_1,RUS.71.14_1,RUS.71.14.1_1,NA
COM00800.00,USA,USA.3_1,USA.3.4_1,NA,NA
COM00802.00,CHN,CHN.19_1,CHN.19.3_1,CHN.19.3.4_1,NA
COM00803.00,MEX,MEX.7_1,MEX.7.22_1,NA,NA
COM00804.00,CHL,CHL.2_1,CHL.2.1_1,CHL.2.1.2_1,NA
COM00805.00,USA,USA.29_1,USA.29.5_1,NA,NA
COM00806.00,ZAF,ZAF.6_1,ZAF.6.3_1,ZAF.6.3.4_1,ZAF.6.3.4.26_1
COM00808.00,AUS,AUS.7_1,AUS.7.34_1,NA,NA
COM00809.00,USA,USA.49_1,USA.49.20_1,NA,NA
COM00810.00,BRA,BRA.13_1,BRA.13.543_1,BRA.13.543.6_1,NA
COM00811.00,RUS,RUS.37_1,RUS.37.31_1,RUS.37.31.1_1,NA
COM00812.00,USA,USA.47_1,USA.47.123_1,NA,NA
COM00813.00,USA,USA.18_1,USA.18.67_1,NA,NA
COM00814.00,AUS,AUS.7_1,AUS.7.34_1,NA,NA
COM00815.00,USA,USA.49_1,USA.49.30_1,NA,NA
COM00816.00,ZWE,ZWE.10_1,ZWE.10.8_1,NA,NA
COM00817.00,MEX,MEX.7_1,MEX.7.23_1,NA,NA
COM00821.00,USA,USA.39_1,USA.39.63_1,NA,NA
COM00822.00,CHL,CHL.14_1,CHL.14.4_1,CHL.14.4.1_1,NA
COM00824.00,CHL,CHL.2_1,CHL.2.2_1,CHL.2.2.1_1,NA
COM00825.00,USA,USA.24_1,USA.24.70_1,NA,NA
COM00826.00,USA,USA.24_1,USA.24.70_1,NA,NA
COM00827.00,CAN,CAN.13_1,CAN.13.1_1,CAN.13.1.35_1,NA
COM00828.00,CUB,CUB.7_1,CUB.7.11_1,NA,NA
COM00829.00,ZAF,ZAF.2_1,ZAF.2.1_1,ZAF.2.1.3_1,ZAF.2.1.3.17_1
COM00830.00,MOZ,MOZ.10_1,MOZ.10.9_1,MOZ.10.9.2_1,NA
COM00831.00,ZAF,ZAF.5_1,ZAF.5.3_1,ZAF.5.3.4_1,ZAF.5.3.4.12_1
COM00832.00,ZAF,ZAF.5_1,ZAF.5.5_1,ZAF.5.5.4_1,ZAF.5.5.4.6_1
COM00833.00,KAZ,KAZ.9_1,KAZ.9.6_1,NA,NA
COM00834.00,CAN,CAN.11_1,CAN.11.94_1,CAN.11.94.2_1,NA
COM00835.00,CAN,CAN.9_1,CAN.9.5_1,CAN.9.5.4_1,NA
COM00836.00,AUS,AUS.5_1,AUS.5.90_1,NA,NA
COM00837.00,AUS,AUS.7_1,AUS.7.34_1,NA,NA
COM00838.00,ZMB,ZMB.2_1,ZMB.2.4_1,NA,NA
COM00839.00,AUS,AUS.7_1,AUS.7.34_1,NA,NA
COM00840.00,USA,USA.3_1,USA.3.6_1,NA,NA
COM00841.00,MLI,MLI.8_1,MLI.8.1_1,MLI.8.1.8_1,MLI.8.1.8.3_1
COM00842.00,PER,PER.12_1,PER.12.9_1,PER.12.9.5_1,NA
COM00843.00,CAN,CAN.9_1,CAN.9.11_1,CAN.9.11.1_1,NA
COM00844.00,BRA,BRA.13_1,BRA.13.204_1,BRA.13.204.2_1,NA
COM00845.00,BRA,BRA.3_1,BRA.3.16_1,BRA.3.16.1_1,NA
COM00846.00,BRA,BRA.25_1,BRA.25.30_1,BRA.25.30.1_1,NA
COM00847.00,BRA,BRA.13_1,BRA.13.662_1,BRA.13.662.2_1,NA
COM00848.00,NOR,NOR.10_1,NOR.10.42_1,NA,NA
COM00849.00,ZAF,ZAF.5_1,ZAF.5.3_1,ZAF.5.3.4_1,ZAF.5.3.4.25_1
COM00851.00,AUS,AUS.7_1,AUS.7.63_1,NA,NA
COM00853.00,AUS,AUS.11_1,AUS.11.133_1,NA,NA
COM00854.00,AUS,AUS.11_1,AUS.11.28_1,NA,NA
COM00855.00,AUS,AUS.11_1,AUS.11.61_1,NA,NA
COM00858.00,USA,USA.49_1,USA.49.23_1,NA,NA
COM00859.00,MOZ,MOZ.6_1,MOZ.6.1_1,MOZ.6.1.1_1,NA
COM00860.00,ZAF,ZAF.3_1,ZAF.3.5_1,ZAF.3.5.1_1,ZAF.3.5.1.6_1
COM00861.00,BRA,BRA.14_1,BRA.14.84_1,BRA.14.84.1_1,NA
COM00862.00,AUS,AUS.11_1,AUS.11.106_1,NA,NA
COM00863.00,AUS,AUS.9_1,AUS.9.29_1,NA,NA
COM00864.00,AUS,AUS.11_1,AUS.11.83_1,NA,NA
COM00865.00,IDN,IDN.14_1,IDN.14.10_1,IDN.14.10.5_1,IDN.14.10.5.3_1
COM00866.00,AUS,AUS.5_1,AUS.5.118_1,NA,NA
COM00867.00,USA,USA.18_1,USA.18.77_1,NA,NA
COM00869.00,IDN,IDN.13_1,IDN.13.12_1,IDN.13.12.5_1,IDN.13.12.5.2_1
COM00870.00,ZWE,ZWE.10_1,ZWE.10.8_1,NA,NA
COM00871.00,AUS,AUS.10_1,AUS.10.63_1,NA,NA
COM00872.00,AUS,AUS.11_1,AUS.11.71_1,NA,NA
COM00874.00,CAN,CAN.9_1,CAN.9.20_1,CAN.9.20.18_1,NA
COM00875.00,AUS,AUS.5_1,AUS.5.95_1,NA,NA
COM00876.00,COD,COD.15_1,COD.15.6_1,NA,NA
COM00877.00,AUS,AUS.5_1,AUS.5.78_1,NA,NA
COM00878.00,RUS,RUS.26_1,RUS.26.23_1,RUS.26.23.1_1,NA
COM00879.00,ZAF,ZAF.9_1,ZAF.9.6_1,ZAF.9.6.3_1,ZAF.9.6.3.8_1
COM00880.00,ZAF,ZAF.9_1,ZAF.9.6_1,ZAF.9.6.3_1,ZAF.9.6.3.8_1
COM00881.00,FJI,FJI.1_1,FJI.1.2_1,NA,NA
COM00883.00,CHN,CHN.22_1,CHN.22.10_1,CHN.22.10.8_1,NA
COM00885.00,AUS,AUS.5_1,AUS.5.97_1,NA,NA
COM00886.00,"NAM","NAM.2_1","NAM.2.3_1",NA,NA
COM00887.00,USA,USA.32_1,USA.32.24_1,NA,NA
COM00888.00,RUS,RUS.60_1,RUS.60.18_1,RUS.60.18.1_1,NA
COM00889.00,PRT,PRT.3_1,PRT.3.6_1,PRT.3.6.4_1,NA
COM00890.00,ZAF,ZAF.6_1,ZAF.6.3_1,ZAF.6.3.3_1,ZAF.6.3.3.18_1
COM00891.00,ZAF,ZAF.6_1,ZAF.6.2_1,ZAF.6.2.4_1,ZAF.6.2.4.4_1
COM00893.00,ZAF,ZAF.2_1,ZAF.2.1_1,ZAF.2.1.2_1,ZAF.2.1.2.11_1
COM00894.00,AUS,AUS.7_1,AUS.7.70_1,NA,NA
COM00895.00,IND,IND.31_1,IND.31.4_1,IND.31.4.2_1,NA
COM00896.00,IND,IND.31_1,IND.31.4_1,IND.31.4.2_1,NA
COM00897.00,IND,IND.31_1,IND.31.4_1,IND.31.4.4_1,NA
COM00898.00,AUS,AUS.11_1,AUS.11.107_1,NA,NA
COM00899.00,AUS,AUS.11_1,AUS.11.46_1,NA,NA
COM00900.00,NOR,NOR.18_1,NOR.18.6_1,NA,NA
COM00901.00,UKR,UKR.16_1,UKR.16.22_1,NA,NA
COM00902.00,KAZ,KAZ.5_1,KAZ.5.11_1,NA,NA
COM00904.00,ZAF,ZAF.6_1,ZAF.6.3_1,ZAF.6.3.2_1,ZAF.6.3.2.5_1
COM00906.00,MEX,MEX.26_1,MEX.26.16_1,NA,NA
COM00907.00,ZAF,ZAF.6_1,ZAF.6.3_1,ZAF.6.3.4_1,ZAF.6.3.4.29_1
COM00908.00,DEU,DEU.9_1,DEU.9.42_1,DEU.9.42.7_1,DEU.9.42.7.1_1
COM00911.00,CHL,CHL.5_1,CHL.5.2_1,CHL.5.2.3_1,NA
COM00912.00,USA,USA.51_1,USA.51.3_1,NA,NA
COM00913.00,ZAF,ZAF.6_1,ZAF.6.3_1,ZAF.6.3.2_1,ZAF.6.3.2.1_1 ; ZAF.6.3.2.8_1
COM00915.00,AUS,AUS.7_1,AUS.7.34_1,NA,NA
COM00916.00,TZA,TZA.12_1,TZA.12.8_1,TZA.12.8.13_1,NA
COM00917.00,RUS,RUS.66_1,RUS.66.43_1,RUS.66.43.1_1,NA
COM00921.00,GBR,GBR.1_1,GBR.1.44_1,GBR.1.44.3_1,NA
COM00922.00,AUS,AUS.5_1,AUS.5.105_1,NA,NA
COM00923.00,USA,USA.24_1,USA.24.70_1,NA,NA
COM00924.00,AUS,AUS.7_1,AUS.7.34_1,NA,NA
COM00925.00,RUS,RUS.27_1,RUS.27.20_1,RUS.27.20.1_1,NA
COM00926.00,MEX,MEX.7_1,MEX.7.29_1,NA,NA
COM00927.00,CHL,CHL.5_1,CHL.5.3_1,CHL.5.3.4_1,NA
COM00928.00,KAZ,KAZ.9_1,KAZ.9.3_1,NA,NA
COM00929.00,USA,USA.1_1,USA.1.37_1,NA,NA
COM00930.00,AUS,AUS.7_1,AUS.7.16_1,NA,NA
COM00931.00,CAN,CAN.1_1,CAN.1.5_1,CAN.1.5.4_1,NA
COM00932.00,GHA,GHA.1_1,GHA.1.1_1,NA,NA
COM00933.00,NOR,NOR.7_1,NOR.7.20_1,NA,NA
COM00934.00,PNG,PNG.22_1,PNG.22.2_1,NA,NA
COM00935.00,RUS,RUS.27_1,RUS.27.13_1,RUS.27.13.1_1,NA
COM00936.00,RUS,RUS.45_1,RUS.45.10_1,RUS.45.10.1_1,NA
COM00937.00,AUS,AUS.8_1,AUS.8.61_1,NA,NA
COM00938.00,RUS,RUS.27_1,RUS.27.17_1,RUS.27.17.1_1,NA
COM00939.00,IDN,IDN.30_1,IDN.30.16_1,IDN.30.16.4_1,IDN.30.16.4.8_1
COM00940.00,BRA,BRA.14_1,BRA.14.90_1,BRA.14.90.1_1,NA
COM00941.00,ZAF,ZAF.6_1,ZAF.6.3_1,ZAF.6.3.4_1,ZAF.6.3.4.25_1
COM00942.00,PER,PER.4_1,PER.4.4_1,PER.4.4.9_1,NA
COM00943.00,KAZ,KAZ.5_1,KAZ.5.4_1,NA,NA
COM00944.00,AUS,AUS.7_1,AUS.7.19_1,NA,NA
COM00945.00,RUS,RUS.7_1,RUS.7.21_1,RUS.7.21.1_1,NA
COM00946.00,CZE,CZE.7_1,CZE.7.6_1,NA,NA
COM00947.00,BRA,BRA.13_1,BRA.13.543_1,BRA.13.543.7_1,NA
COM00948.00,CAN,CAN.5_1,CAN.5.1_1,CAN.5.1.7_1,NA
COM00949.00,MNG,MNG.15_1,MNG.15.7_1,NA,NA
COM00950.00,AUS,AUS.11_1,AUS.11.61_1,NA,NA
COM00951.00,USA,USA.49_1,USA.49.20_1,NA,NA
COM00952.00,CAN,CAN.1_1,CAN.1.17_1,CAN.1.17.23_1,NA
COM00953.00,ZAF,ZAF.5_1,ZAF.5.2_1,ZAF.5.2.1_1,ZAF.5.2.1.11_1
COM00954.00,MEX,MEX.6_1,MEX.6.15_1,NA,NA
COM00956.00,IND,IND.26_1,IND.26.20_1,IND.26.20.2_1,NA
COM00957.00,USA,USA.18_1,USA.18.48_1,NA,NA
COM00958.00,IND,IND.35_1,IND.35.12_1,IND.35.12.1_1,NA
COM00959.00,BRA,BRA.13_1,BRA.13.555_1,BRA.13.555.1_1,NA
COM00960.00,BRA,BRA.14_1,BRA.14.89_1,BRA.14.89.1_1,NA
COM00961.00,SUR,SUR.6_1,SUR.6.4_1,NA,NA
COM00963.00,CHL,CHL.5_1,CHL.5.3_1,CHL.5.3.1_1,NA
COM00964.00,BRA,BRA.13_1,BRA.13.565_1,BRA.13.565.5_1,NA
COM00965.00,USA,USA.14_1,USA.14.98_1,NA,NA
COM00966.00,AUS,AUS.11_1,AUS.11.3_1,NA,NA
COM00967.00,USA,USA.39_1,USA.39.56_1,NA,NA
COM00968.00,CAN,CAN.2_1,CAN.2.22_1,CAN.2.22.17_1,NA
COM00969.00,AUS,AUS.7_1,AUS.7.34_1,NA,NA
COM00970.00,MEX,MEX.14_1,MEX.14.30_1,NA,NA
COM00971.00,MEX,MEX.32_1,MEX.32.26_1,NA,NA
COM00972.00,USA,USA.48_1,USA.48.26_1,NA,NA
COM00973.00,MYS,MYS.8_1,MYS.8.6_1,NA,NA
COM00975.00,IDN,IDN.24_1,IDN.24.4_1,IDN.24.4.3_1,IDN.24.4.3.4_1
COM00976.00,ZAF,ZAF.7_1,ZAF.7.3_1,ZAF.7.3.1_1,ZAF.7.3.1.1_1
COM00977.00,IDN,IDN.15_1,IDN.15.7_1,IDN.15.7.2_1,IDN.15.7.2.3_1
COM00978.00,RUS,RUS.27_1,RUS.27.24_1,RUS.27.24.1_1,NA
COM00979.00,CHL,CHL.16_1,CHL.16.3_1,CHL.16.3.4_1,NA
COM00980.00,AUS,AUS.11_1,AUS.11.46_1,NA,NA
COM00982.00,PER,PER.2_1,PER.2.9_1,PER.2.9.5_1,NA
COM00983.00,MEX,MEX.26_1,MEX.26.41_1,NA,NA
COM00988.00,AUS,AUS.11_1,AUS.11.89_1,NA,NA
COM00989.00,USA,USA.49_1,USA.49.55_1,NA,NA
COM00990.00,MEX,MEX.6_1,MEX.6.51_1,NA,NA
COM00991.00,USA,USA.3_1,USA.3.4_1,NA,NA
COM00992.00,IDN,IDN.15_1,IDN.15.4_1,IDN.15.4.1_1,IDN.15.4.1.1_1
COM00994.00,ZAF,ZAF.7_1,ZAF.7.1_1,ZAF.7.1.5_1,ZAF.7.1.5.14_1
COM00995.00,AUS,AUS.11_1,AUS.11.75_1,NA,NA
COM00996.00,BRA,BRA.13_1,BRA.13.609_1,BRA.13.609.1_1,NA
COM00997.00,USA,USA.2_1,USA.2.22_1,NA,NA
COM00998.00,TTO,TTO.3_1,NA,NA,NA
COM00999.00,AUS,AUS.7_1,AUS.7.34_1,NA,NA
COM01001.00,RUS,RUS.27_1,RUS.27.20_1,RUS.27.20.1_1,NA
COM01002.00,IDN,IDN.28_1,IDN.28.7_1,IDN.28.7.11_1,IDN.28.7.11.7_1
COM01004.00,AUS,AUS.11_1,AUS.11.104_1,NA,NA
COM01005.00,CAN,CAN.12_1,CAN.12.12_1,CAN.12.12.11_1,NA
COM01006.00,PER,PER.4_1,PER.4.6_1,PER.4.6.7_1,NA
COM01007.00,CAN,CAN.9_1,CAN.9.5_1,CAN.9.5.23_1,NA
COM01008.00,PNG,PNG.7_1,PNG.7.3_1,NA,NA
COM01009.00,AUS,AUS.10_1,AUS.10.23_1,NA,NA
COM01011.00,BRA,BRA.19_1,BRA.19.91_1,BRA.19.91.1_1,NA
COM01012.00,BIH,BIH.3_1,BIH.3.1_1,BIH.3.1.16_1,NA
COM01013.00,USA,USA.49_1,USA.49.28_1,NA,NA
COM01014.00,RUS,RUS.27_1,RUS.27.24_1,RUS.27.24.1_1,NA
COM01015.00,AUS,AUS.8_1,AUS.8.61_1,NA,NA
COM01017.00,IDN,IDN.15_1,IDN.15.6_1,IDN.15.6.13_1,IDN.15.6.13.2_1
COM01021.00,IDN,IDN.15_1,IDN.15.6_1,IDN.15.6.5_1,IDN.15.6.5.2_1
COM01022.00,IDN,IDN.31_1,IDN.31.7_1,IDN.31.7.11_1,IDN.31.7.11.3_1
COM01025.00,IDN,IDN.14_1,IDN.14.3_1,IDN.14.3.6_1,IDN.14.3.6.3_1
COM01026.00,IDN,IDN.13_1,IDN.13.11_1,IDN.13.11.8_1,IDN.13.11.8.9_1
COM01031.00,IDN,IDN.15_1,IDN.15.6_1,IDN.15.6.13_1,IDN.15.6.13.2_1
COM01032.00,IDN,IDN.15_1,IDN.15.12_1,IDN.15.12.4_1,IDN.15.12.4.4_1
COM01034.00,IDN,IDN.13_1,IDN.13.12_1,IDN.13.12.5_1,IDN.13.12.5.5_1
COM01038.00,IDN,IDN.15_1,IDN.15.6_1,IDN.15.6.17_1,IDN.15.6.17.5_1
COM01039.00,IDN,IDN.15_1,IDN.15.6_1,IDN.15.6.7_1,IDN.15.6.7.3_1
COM01040.00,IDN,IDN.15_1,IDN.15.8_1,IDN.15.8.7_1,IDN.15.8.7.11_1
COM01041.00,IDN,IDN.14_1,IDN.14.1_1,IDN.14.1.4_1,IDN.14.1.4.20_1
COM01042.00,IDN,IDN.31_1,IDN.31.3_1,IDN.31.3.1_1,IDN.31.3.1.7_1
COM01043.00,IDN,IDN.15_1,IDN.15.6_1,IDN.15.6.7_1,IDN.15.6.7.9_1
COM01044.00,IDN,IDN.11_1,IDN.11.7_1,IDN.11.7.11_1,IDN.11.7.11.16_1
COM01045.00,IDN,IDN.31_1,IDN.31.7_1,IDN.31.7.11_1,IDN.31.7.11.5_1
COM01046.00,IDN,IDN.15_1,IDN.15.6_1,IDN.15.6.5_1,IDN.15.6.5.2_1
COM01051.00,PER,PER.2_1,PER.2.10_1,PER.2.10.14_1,NA
COM01052.00,DOM,DOM.28_1,DOM.28.2_1,NA,NA
COM01054.00,CHL,CHL.7_1,CHL.7.3_1,CHL.7.3.4_1,NA
COM01055.00,FIN,FIN.3_1,FIN.3.2_1,FIN.3.2.2_1,FIN.3.2.2.4_1
COM01056.00,CHL,CHL.15_1,CHL.15.1_1,CHL.15.1.5_1,NA
COM01058.00,AUS,AUS.7_1,AUS.7.27_1,NA,NA
COM01059.00,PER,PER.19_1,PER.19.3_1,PER.19.3.6_1,NA
COM01060.00,PER,PER.13_1,PER.13.10_1,PER.13.10.5_1,NA
COM01061.00,IND,IND.29_1,IND.29.28_1,IND.29.28.7_1,NA
COM01062.00,IND,IND.29_1,IND.29.7_1,IND.29.7.5_1,NA
COM01063.00,SAU,SAU.8_1,NA,NA,NA
COM01065.00,USA,USA.18_1,USA.18.60_1,NA,NA
COM01066.00,AUS,AUS.11_1,AUS.11.106_1,NA,NA
COM01067.00,AUS,AUS.7_1,AUS.7.17_1,NA,NA
COM01068.00,AUS,AUS.5_1,AUS.5.118_1,NA,NA
COM01069.00,USA,USA.29_1,USA.29.12_1,NA,NA
COM01070.00,USA,USA.51_1,USA.51.3_1,NA,NA
COM01071.00,PER,PER.9_1,PER.9.5_1,PER.9.5.5_1,NA
COM01072.00,USA,USA.2_1,USA.2.18_1,NA,NA
COM01073.00,USA,USA.25_1,USA.25.10_1,NA,NA
COM01074.00,CAN,CAN.9_1,CAN.9.20_1,CAN.9.20.38_1,NA
COM01075.00,USA,USA.19_1,USA.19.41_1,NA,NA
COM01076.00,CAN,CAN.3_1,CAN.3.13_1,CAN.3.13.2_1,NA
COM01077.00,NZL,NZL.19_1,NZL.19.1_1,NA,NA
COM01078.00,PAK,PAK.2_1,PAK.2.4_1,PAK.2.4.1_1,NA
COM01081.00,AUS,AUS.9_1,AUS.9.29_1,NA,NA
COM01082.00,ZAF,ZAF.6_1,ZAF.6.3_1,ZAF.6.3.3_1,ZAF.6.3.3.26_1
COM01083.00,BRA,BRA.14_1,BRA.14.56_1,BRA.14.56.1_1,NA
COM01085.00,USA,USA.45_1,USA.45.18_1,NA,NA
COM01086.00,PHL,PHL.59_1,PHL.59.5_1,PHL.59.5.13_1,NA
COM01087.00,USA,USA.14_1,USA.14.93_1,NA,NA
COM01088.00,USA,USA.18_1,USA.18.113_1,NA,NA
COM01089.00,USA,USA.14_1,USA.14.16_1,NA,NA
COM01091.00,USA,USA.29_1,USA.29.17_1,NA,NA
COM01092.00,USA,USA.49_1,USA.49.17_1,NA,NA
COM01093.00,USA,USA.29_1,USA.29.14_1,NA,NA
COM01094.00,USA,USA.49_1,USA.49.3_1,NA,NA
COM01095.00,AUS,AUS.7_1,AUS.7.16_1,NA,NA
COM01097.00,AUS,AUS.9_1,AUS.9.29_1,NA,NA
COM01098.00,USA,USA.3_1,USA.3.11_1,NA,NA
COM01099.00,"NAM","NAM.1_1","NAM.1.6_1",NA,NA
COM01100.00,"NAM","NAM.2_1","NAM.2.1_1",NA,NA
COM01101.00,USA,USA.29_1,USA.29.13_1,NA,NA
COM01102.00,COD,COD.3_1,COD.3.6_1,NA,NA
COM01103.00,USA,USA.29_1,USA.29.7_1,NA,NA
COM01104.00,POL,POL.1_1,POL.1.18_1,POL.1.18.4_1,NA
COM01106.00,MLI,MLI.3_1,MLI.3.3_1,MLI.3.3.8_1,MLI.3.3.8.1_1
COM01107.00,USA,USA.3_1,USA.3.5_1,NA,NA
COM01108.00,FRA,FRA.1_1,FRA.1.12_1,FRA.1.12.3_1,FRA.1.12.3.5_1
COM01110.00,MYS,MYS.14_1,MYS.14.5_1,NA,NA
COM01111.00,RUS,RUS.27_1,RUS.27.24_1,RUS.27.24.1_1,NA
COM01112.00,BRA,BRA.14_1,BRA.14.65_1,BRA.14.65.1_1,NA
COM01113.00,CHL,CHL.5_1,CHL.5.1_1,CHL.5.1.2_1,NA
COM01114.00,BRA,BRA.13_1,BRA.13.463_1,BRA.13.463.10_1,NA
COM01115.00,IDN,IDN.15_1,IDN.15.2_1,IDN.15.2.4_1,IDN.15.2.4.2_1
COM01116.00,HND,HND.5_1,HND.5.11_1,NA,NA
COM01117.00,BOL,BOL.7_1,BOL.7.15_1,BOL.7.15.1_1,NA
COM01118.00,ESP,ESP.12_1,ESP.12.2_1,ESP.12.2.4_1,ESP.12.2.4.5_1
COM01119.00,MEX,MEX.10_1,MEX.10.26_1,NA,NA
COM01120.00,MEX,MEX.25_1,MEX.25.7_1,NA,NA
COM01121.00,USA,USA.32_1,USA.32.24_1,NA,NA
COM01122.00,ESP,ESP.17_1,ESP.17.1_1,ESP.17.1.1_1,ESP.17.1.1.3_1
COM01123.00,MEX,MEX.10_1,MEX.10.10_1,NA,NA
COM01124.00,MEX,MEX.24_1,MEX.24.29_1,NA,NA
COM01125.00,USA,USA.3_1,USA.3.12_1,NA,NA
COM01126.00,HND,HND.8_1,HND.8.19_1,NA,NA
COM01127.00,USA,USA.44_1,USA.44.7_1,NA,NA
COM01128.00,BOL,BOL.7_1,BOL.7.11_1,BOL.7.11.1_1,NA
COM01129.00,AUS,AUS.11_1,AUS.11.109_1,NA,NA
COM01131.00,CHL,CHL.5_1,CHL.5.1_1,CHL.5.1.1_1,NA
COM01132.00,BRA,BRA.12_1,BRA.12.61_1,BRA.12.61.2_1,NA
COM01133.00,BRA,BRA.10_1,BRA.10.187_1,BRA.10.187.1_1,NA
COM01134.00,AUS,AUS.7_1,AUS.7.34_1,NA,NA
COM01137.00,IDN,IDN.13_1,IDN.13.12_1,IDN.13.12.6_1,IDN.13.12.6.14_1
COM01138.00,MEX,MEX.32_1,MEX.32.11_1,NA,NA
COM01139.00,USA,USA.27_1,USA.27.42_1,NA,NA
COM01140.00,ZAF,ZAF.3_1,ZAF.3.5_1,ZAF.3.5.1_1,ZAF.3.5.1.20_1
COM01141.00,KAZ,KAZ.9_1,KAZ.9.2_1,NA,NA
COM01142.00,RUS,RUS.29_1,RUS.29.2_1,RUS.29.2.1_1,NA
COM01143.00,CAN,CAN.12_1,CAN.12.9_1,CAN.12.9.18_1,NA
COM01144.00,USA,USA.18_1,USA.18.51_1,NA,NA
COM01145.00,USA,USA.18_1,USA.18.117_1,NA,NA
COM01146.00,CAN,CAN.11_1,CAN.11.84_1,CAN.11.84.6_1,NA
COM01147.00,CHN,CHN.19_1,CHN.19.7_1,CHN.19.7.2_1,NA
COM01148.00,IDN,IDN.13_1,IDN.13.9_1,IDN.13.9.6_1,IDN.13.9.6.3_1
COM01149.00,USA,USA.6_1,USA.6.55_1,NA,NA
COM01150.00,ZMB,ZMB.7_1,ZMB.7.6_1,NA,NA
COM01151.00,LAO,LAO.12_1,LAO.12.12_1,NA,NA
COM01152.00,BRA,BRA.13_1,BRA.13.384_1,BRA.13.384.2_1,NA
COM01153.00,BRA,BRA.9_1,BRA.9.73_1,BRA.9.73.2_1,NA
COM01154.00,BRA,BRA.14_1,BRA.14.42_1,BRA.14.42.1_1,NA
COM01156.00,BRA,BRA.14_1,BRA.14.33_1,BRA.14.33.1_1,NA
COM01158.00,IDN,IDN.15_1,IDN.15.9_1,IDN.15.9.8_1,IDN.15.9.8.4_1
COM01159.00,ESP,ESP.16_1,ESP.16.3_1,ESP.16.3.1_1,ESP.16.3.1.64_1
COM01163.00,RUS,RUS.27_1,RUS.27.24_1,RUS.27.24.1_1,NA
COM01164.00,PER,PER.6_1,PER.6.1_1,PER.6.1.1_1,NA
COM01166.00,CHN,CHN.12_1,CHN.12.7_1,CHN.12.7.2_1,NA
COM01171.00,KAZ,KAZ.14_1,KAZ.14.7_1,NA,NA
COM01172.00,CAN,CAN.11_1,CAN.11.51_1,CAN.11.51.13_1,NA
COM01173.00,CAN,CAN.1_1,CAN.1.14_1,CAN.1.14.7_1,NA
COM01175.00,CHN,CHN.19_1,CHN.19.11_1,CHN.19.11.2_1,NA
COM01176.00,CHN,CHN.19_1,CHN.19.2_1,CHN.19.2.1_1,NA
COM01177.00,RUS,RUS.27_1,RUS.27.13_1,RUS.27.13.1_1,NA
COM01178.00,PER,PER.4_1,PER.4.4_1,PER.4.4.4_1,NA
COM01179.00,CHN,CHN.19_1,CHN.19.7_1,CHN.19.7.3_1,NA
COM01180.00,USA,USA.1_1,USA.1.64_1,NA,NA
COM01181.00,USA,USA.49_1,USA.49.25_1,NA,NA
COM01182.00,ZAF,ZAF.6_1,ZAF.6.2_1,ZAF.6.2.3_1,ZAF.6.2.3.11_1
COM01183.00,CHN,CHN.17_1,CHN.17.9_1,CHN.17.9.4_1,NA
COM01184.00,CHN,CHN.8_1,CHN.8.7_1,CHN.8.7.8_1,NA
COM01185.00,PHL,PHL.74_1,PHL.74.10_1,PHL.74.10.4_1,NA
COM01186.00,RUS,RUS.27_1,RUS.27.20_1,RUS.27.20.1_1,NA
COM01187.00,RUS,RUS.27_1,RUS.27.20_1,RUS.27.20.1_1,NA
COM01188.00,CHL,CHL.2_1,CHL.2.1_1,CHL.2.1.3_1,NA
COM01189.00,SLE,SLE.3_1,SLE.3.2_1,SLE.3.2.4_1,NA
COM01190.00,USA,USA.3_1,USA.3.11_1,NA,NA
COM01191.00,GIN,GIN.4_1,GIN.4.5_1,GIN.4.5.5_1,NA
COM01192.00,IND,IND.11_1,IND.11.33_1,IND.11.33.3_1,NA
COM01193.00,CAN,CAN.2_1,CAN.2.26_1,CAN.2.26.6_1,NA
COM01194.00,GIN,GIN.8_1,GIN.8.4_1,GIN.8.4.6_1,NA
COM01195.00,PNG,PNG.16_1,PNG.16.2_1,NA,NA
COM01196.00,BRA,BRA.5_1,BRA.5.377_1,BRA.5.377.1_1,NA
COM01197.00,AUS,AUS.11_1,AUS.11.72_1,NA,NA
COM01198.00,AUS,AUS.11_1,AUS.11.108_1,NA,NA
COM01199.00,ZAF,ZAF.8_1,ZAF.8.2_1,ZAF.8.2.2_1,ZAF.8.2.2.3_1
COM01200.00,CIV,CIV.10_1,CIV.10.1_1,CIV.10.1.3_1,CIV.10.1.3.1_1
COM01201.00,"NAM","NAM.1_1","NAM.1.5_1",NA,NA
COM01202.00,USA,USA.45_1,USA.45.4_1,NA,NA
COM01203.00,SRB,SRB.13_1,SRB.13.1_1,NA,NA
COM01204.00,OMN,OMN.2_1,OMN.2.6_1,NA,NA
COM01205.00,MEX,MEX.26_1,MEX.26.48_1,NA,NA
COM01206.00,USA,USA.15_1,USA.15.26_1,NA,NA
COM01207.00,NOR,NOR.7_1,NOR.7.15_1,NA,NA
COM01208.00,IDN,IDN.26_1,IDN.26.9_1,IDN.26.9.7_1,IDN.26.9.7.6_1
COM01209.00,BRA,BRA.14_1,BRA.14.33_1,BRA.14.33.1_1,NA
COM01211.00,USA,USA.44_1,USA.44.102_1,NA,NA
COM01212.00,AUS,AUS.11_1,AUS.11.61_1,NA,NA
COM01214.00,AUS,AUS.7_1,AUS.7.34_1,NA,NA
COM01216.00,UKR,UKR.5_1,UKR.5.8_1,NA,NA
COM01217.00,AUS,AUS.8_1,AUS.8.61_1,NA,NA
COM01219.00,ZAF,ZAF.6_1,ZAF.6.3_1,ZAF.6.3.3_1,ZAF.6.3.3.26_1
COM01220.00,AUS,AUS.11_1,AUS.11.46_1,NA,NA
COM01221.00,ZAF,ZAF.6_1,ZAF.6.2_1,ZAF.6.2.6_1,ZAF.6.2.6.5_1
COM01222.00,USA,USA.27_1,USA.27.2_1,NA,NA
COM01223.00,AUS,AUS.5_1,AUS.5.83_1,NA,NA
COM01224.00,RUS,RUS.39_1,RUS.39.16_1,RUS.39.16.1_1,NA
COM01225.00,USA,USA.39_1,USA.39.22_1,NA,NA
COM01226.00,RUS,RUS.29_1,RUS.29.10_1,RUS.29.10.1_1,NA
COM01227.00,USA,USA.27_1,USA.27.48_1,NA,NA
COM01228.00,CAN,CAN.9_1,CAN.9.11_1,CAN.9.11.1_1,NA
COM01229.00,RUS,RUS.7_1,RUS.7.21_1,RUS.7.21.1_1,NA
COM01230.00,SWE,SWE.18_1,SWE.18.5_1,NA,NA
COM01231.00,AUS,AUS.5_1,AUS.5.54_1,NA,NA
COM01240.00,USA,USA.45_1,USA.45.21_1,NA,NA
COM01241.00,EGY,EGY.2_1,EGY.2.5_1,NA,NA
COM01242.00,UKR,UKR.5_1,UKR.5.7_1,NA,NA
COM01243.00,AUS,AUS.11_1,AUS.11.71_1,NA,NA
COM01244.00,USA,USA.49_1,USA.49.49_1,NA,NA
COM01245.00,ZAF,ZAF.6_1,ZAF.6.2_1,ZAF.6.2.3_1,ZAF.6.2.3.7_1
COM01246.00,IDN,IDN.15_1,IDN.15.6_1,IDN.15.6.16_1,IDN.15.6.16.18_1
COM01247.00,ARG,ARG.17_1,ARG.17.15_1,NA,NA
COM01248.00,PHL,PHL.74_1,PHL.74.4_1,PHL.74.4.13_1,NA
COM01249.00,PHL,PHL.74_1,PHL.74.4_1,PHL.74.4.13_1,NA
COM01250.00,AUS,AUS.5_1,AUS.5.148_1,NA,NA
COM01251.00,PER,PER.20_1,PER.20.3_1,PER.20.3.11_1,NA
COM01252.00,IND,IND.26_1,IND.26.28_1,IND.26.28.3_1,NA
COM01253.00,KGZ,KGZ.3_1,KGZ.3.4_1,NA,NA
COM01254.00,AUS,AUS.11_1,AUS.11.86_1,NA,NA
COM01255.00,PER,PER.4_1,PER.4.5_1,PER.4.5.16_1,NA
COM01256.00,AUS,AUS.6_1,AUS.6.4_1,NA,NA
COM01258.00,PER,PER.6_1,PER.6.7_1,PER.6.7.2_1,NA
COM01259.00,BRA,BRA.13_1,BRA.13.804_1,BRA.13.804.1_1,NA
COM01260.00,BRA,BRA.26_1,BRA.26.60_1,BRA.26.60.1_1,NA
COM01261.00,IRL,IRL.17_1,NA,NA,NA
COM01262.00,ITA,ITA.2_1,ITA.2.6_1,ITA.2.6.28_1,NA
COM01263.00,AUS,AUS.7_1,AUS.7.60_1,NA,NA
COM01264.00,CHN,CHN.25_1,CHN.25.2_1,CHN.25.2.1_1,NA
COM01265.00,MRT,MRT.9_1,MRT.9.1_1,NA,NA
COM01266.00,ZAF,ZAF.7_1,ZAF.7.2_1,ZAF.7.2.1_1,ZAF.7.2.1.21_1
COM01267.00,ZAF,ZAF.3_1,ZAF.3.5_1,ZAF.3.5.1_1,ZAF.3.5.1.6_1
COM01268.00,IDN,IDN.12_1,IDN.12.11_1,IDN.12.11.15_1,IDN.12.11.15.2_1
COM01270.00,AUS,AUS.11_1,AUS.11.46_1,NA,NA
COM01271.00,AUS,AUS.9_1,AUS.9.12_1,NA,NA
COM01272.00,KAZ,KAZ.9_1,KAZ.9.3_1,NA,NA
COM01273.00,COD,COD.15_1,COD.15.5_1,NA,NA
COM01274.00,ZAF,ZAF.5_1,ZAF.5.5_1,ZAF.5.5.6_1,ZAF.5.5.6.7_1
COM01275.00,AUS,AUS.7_1,AUS.7.17_1,NA,NA
COM01277.00,CAN,CAN.3_1,CAN.3.14_1,CAN.3.14.11_1,NA
COM01278.00,AUS,AUS.11_1,AUS.11.72_1,NA,NA
COM01279.00,PER,PER.4_1,PER.4.7_1,PER.4.7.1_1,NA
COM01280.00,CHN,CHN.25_1,CHN.25.4_1,CHN.25.4.1_1,NA
COM01282.00,USA,USA.23_1,USA.23.56_1,NA,NA
COM01283.00,RUS,RUS.32_1,RUS.32.3_1,RUS.32.3.1_1,NA
COM01284.00,CAN,CAN.9_1,CAN.9.5_1,CAN.9.5.23_1,NA
COM01285.00,NZL,NZL.14_1,NZL.14.2_1,NA,NA
COM01286.00,USA,USA.3_1,USA.3.11_1,NA,NA
COM01287.00,AUS,AUS.5_1,AUS.5.110_1,NA,NA
COM01288.00,RUS,RUS.27_1,RUS.27.20_1,RUS.27.20.1_1,NA
COM01289.00,CIV,CIV.10_1,CIV.10.3_1,CIV.10.3.3_1,CIV.10.3.3.1_1
COM01290.00,PER,PER.24_1,PER.24.2_1,PER.24.2.1_1,NA
COM01291.00,CAN,CAN.9_1,CAN.9.11_1,CAN.9.11.1_1,NA
COM01292.00,CAN,CAN.7_1,CAN.7.8_1,CAN.7.8.2_1,NA
COM01293.00,CAN,CAN.2_1,CAN.2.16_1,CAN.2.16.12_1,NA
COM01294.00,CHL,CHL.7_1,CHL.7.1_1,CHL.7.1.4_1,NA
COM01295.00,AUS,AUS.5_1,AUS.5.16_1,NA,NA
COM01296.00,AUS,AUS.11_1,AUS.11.77_1,NA,NA
COM01297.00,ZAF,ZAF.6_1,ZAF.6.2_1,ZAF.6.2.6_1,ZAF.6.2.6.6_1
COM01298.00,ZAF,ZAF.5_1,ZAF.5.4_1,ZAF.5.4.3_1,ZAF.5.4.3.5_1
COM01300.00,IDN,IDN.11_1,IDN.11.2_1,IDN.11.2.14_1,IDN.11.2.14.4_1
COM01301.00,TZA,TZA.6_1,TZA.6.1_1,TZA.6.1.5_1,NA
COM01304.00,USA,USA.36_1,USA.36.80_1,NA,NA
COM01305.00,IND,IND.31_1,IND.31.25_1,IND.31.25.6_1,NA
COM01306.00,ZAF,ZAF.6_1,ZAF.6.3_1,ZAF.6.3.3_1,ZAF.6.3.3.26_1
COM01307.00,USA,USA.6_1,USA.6.55_1,NA,NA
COM01309.00,ZAF,ZAF.6_1,ZAF.6.2_1,ZAF.6.2.3_1,ZAF.6.2.3.7_1
COM01310.00,ZAF,ZAF.5_1,ZAF.5.3_1,ZAF.5.3.4_1,ZAF.5.3.4.25_1
COM01311.00,USA,USA.32_1,USA.32.10_1,NA,NA
COM01312.00,SVK,SVK.3_1,SVK.3.4_1,NA,NA
COM01313.00,ZAF,ZAF.6_1,ZAF.6.3_1,ZAF.6.3.6_1,ZAF.6.3.6.7_1
COM01314.00,PER,PER.16_1,PER.16.8_1,PER.16.8.5_1,NA
COM01315.00,AUS,AUS.5_1,AUS.5.90_1,NA,NA
COM01316.00,AUS,AUS.6_1,AUS.6.15_1,NA,NA
COM01317.00,AUS,AUS.5_1,AUS.5.118_1,NA,NA
COM01319.00,USA,USA.24_1,USA.24.70_1,NA,NA
COM01320.00,ZWE,ZWE.10_1,ZWE.10.7_1,NA,NA
COM01321.00,RUS,RUS.53_1,RUS.53.27_1,RUS.53.27.1_1,NA
COM01322.00,RUS,RUS.66_1,RUS.66.17_1,RUS.66.17.1_1,NA
COM01323.00,BRA,BRA.11_1,BRA.11.68_1,BRA.11.68.1_1,NA
COM01324.00,RUS,RUS.27_1,RUS.27.20_1,RUS.27.20.1_1,NA
COM01325.00,NCL,NCL.3_1,NCL.3.8_1,NA,NA
COM01326.00,OMN,OMN.2_1,OMN.2.3_1,NA,NA
COM01327.00,BRA,BRA.8_1,BRA.8.78_1,BRA.8.78.1_1,NA
COM01328.00,BRA,BRA.19_1,BRA.19.67_1,BRA.19.67.26_1,NA
COM01331.00,ARG,ARG.18_1,ARG.18.7_1,NA,NA
COM01332.00,CHL,CHL.16_1,CHL.16.7_1,CHL.16.7.4_1,NA
COM01333.00,ZAF,ZAF.3_1,ZAF.3.2_1,ZAF.3.2.1_1,ZAF.3.2.1.105_1
COM01334.00,USA,USA.15_1,USA.15.14_1,NA,NA
COM01335.00,USA,USA.47_1,USA.47.4_1,NA,NA
COM01336.00,RUS,RUS.27_1,RUS.27.3_1,RUS.27.3.1_1,NA
COM01337.00,USA,USA.44_1,USA.44.70_1,NA,NA
COM01338.00,USA,USA.14_1,USA.14.85_1,NA,NA
COM01339.00,IND,IND.2_1,IND.2.10_1,IND.2.10.8_1,NA
COM01340.00,RUS,RUS.77_1,RUS.77.9_1,RUS.77.9.1_1,NA
COM01342.00,RUS,RUS.32_1,RUS.32.21_1,RUS.32.21.1_1,NA
COM01345.00,CAN,CAN.5_1,CAN.5.1_1,CAN.5.1.6_1,NA
COM01346.00,PNG,PNG.14_1,PNG.14.1_1,NA,NA
COM01347.00,AUS,AUS.11_1,AUS.11.128_1,NA,NA
COM01348.00,IDN,IDN.13_1,IDN.13.12_1,IDN.13.12.6_1,IDN.13.12.6.14_1
COM01350.00,NZL,NZL.17_1,NZL.17.2_1,NA,NA
COM01351.00,AUS,AUS.5_1,AUS.5.118_1,NA,NA
COM01352.00,USA,USA.15_1,USA.15.88_1,NA,NA
COM01353.00,USA,USA.18_1,USA.18.54_1,NA,NA
COM01356.00,USA,USA.49_1,USA.49.3_1,NA,NA
COM01357.00,USA,USA.48_1,USA.48.4_1,NA,NA
COM01359.00,AUS,AUS.5_1,AUS.5.85_1,NA,NA
COM01360.00,USA,USA.6_1,USA.6.27_1,NA,NA
COM01361.00,AUS,AUS.5_1,AUS.5.78_1,NA,NA
COM01362.00,USA,USA.39_1,USA.39.32_1,NA,NA
COM01364.00,LBR,LBR.12_1,LBR.12.3_1,LBR.12.3.6_1,NA
COM01365.00,AUS,AUS.5_1,AUS.5.78_1,NA,NA
COM01366.00,IDN,IDN.19_1,IDN.19.5_1,IDN.19.5.8_1,IDN.19.5.8.22_1
COM01367.00,USA,USA.42_1,USA.42.40_1,NA,NA
COM01368.00,AUS,AUS.11_1,AUS.11.108_1,NA,NA
COM01369.00,CAN,CAN.1_1,CAN.1.2_1,CAN.1.2.30_1,NA
COM01370.00,USA,USA.15_1,USA.15.88_1,NA,NA
COM01372.00,AUS,AUS.7_1,AUS.7.69_1,NA,NA
COM01373.00,AUS,AUS.5_1,AUS.5.90_1,NA,NA
COM01374.00,AUS,AUS.11_1,AUS.11.133_1,NA,NA
COM01377.00,AUS,AUS.11_1,AUS.11.104_1,NA,NA
COM01378.00,AUS,AUS.11_1,AUS.11.27_1,NA,NA
COM01386.00,AUS,AUS.7_1,AUS.7.67_1,NA,NA
COM01387.00,RUS,RUS.7_1,RUS.7.27_1,RUS.7.27.1_1,NA
COM01388.00,PER,PER.6_1,PER.6.2_1,PER.6.2.5_1,NA
COM01390.00,AUS,AUS.11_1,AUS.11.46_1,NA,NA
COM01391.00,CHN,CHN.23_1,CHN.23.6_1,CHN.23.6.9_1,NA
COM01395.00,AUS,AUS.7_1,AUS.7.16_1,NA,NA
COM01396.00,AUS,AUS.7_1,AUS.7.27_1,NA,NA
COM01397.00,MLI,MLI.3_1,MLI.3.3_1,MLI.3.3.8_1,MLI.3.3.8.1_1
COM01398.00,PER,PER.12_1,PER.12.9_1,PER.12.9.10_1,NA
COM01399.00,PER,PER.16_1,PER.16.9_1,PER.16.9.1_1,NA
COM01400.00,UKR,UKR.6_1,UKR.6.11_1,NA,NA
COM01403.00,CHN,CHN.25_1,CHN.25.9_1,CHN.25.9.4_1,NA
COM01408.00,RUS,RUS.27_1,RUS.27.10_1,RUS.27.10.1_1,NA
COM01409.00,PER,PER.4_1,PER.4.4_1,PER.4.4.7_1,NA
COM01410.00,CHL,CHL.2_1,CHL.2.1_1,CHL.2.1.1_1,NA
COM01411.00,UKR,UKR.26_1,UKR.26.24_1,NA,NA
COM01412.00,UKR,UKR.26_1,UKR.26.24_1,NA,NA
COM01413.00,UKR,UKR.26_1,UKR.26.24_1,NA,NA
COM01414.00,ESP,ESP.2_1,ESP.2.3_1,ESP.2.3.2_1,ESP.2.3.2.61_1
COM01416.00,IND,IND.29_1,IND.29.33_1,IND.29.33.7_1,NA
COM01417.00,BIH,BIH.2_1,BIH.2.10_1,BIH.2.10.10_1,NA
COM01419.00,CHN,CHN.23_1,CHN.23.4_1,CHN.23.4.9_1,NA
COM01421.00,KAZ,KAZ.9_1,KAZ.9.8_1,NA,NA
COM01422.00,KAZ,KAZ.9_1,KAZ.9.8_1,NA,NA
COM01423.00,KAZ,KAZ.9_1,KAZ.9.8_1,NA,NA
COM01424.00,KAZ,KAZ.9_1,KAZ.9.8_1,NA,NA
COM01425.00,KAZ,KAZ.9_1,KAZ.9.8_1,NA,NA
COM01426.00,KAZ,KAZ.9_1,KAZ.9.8_1,NA,NA
COM01429.00,ZAF,ZAF.6_1,ZAF.6.3_1,ZAF.6.3.3_1,ZAF.6.3.3.24_1
COM01430.00,CHN,CHN.4_1,CHN.4.2_1,CHN.4.2.4_1,NA
COM01431.00,ZAF,ZAF.3_1,ZAF.3.3_1,ZAF.3.3.1_1,ZAF.3.3.1.76_1
COM01432.00,SWE,SWE.11_1,SWE.11.1_1,NA,NA
COM01434.00,ZAF,ZAF.4_1,ZAF.4.11_1,ZAF.4.11.4_1,ZAF.4.11.4.7_1
COM00670.00,RUS,RUS.18_1,RUS.18.23_1,RUS.18.23.1_1,NA
COM00007.00,BRA,BRA.13_1,BRA.13.662_1 ; BRA.13.672_1,BRA.13.662.2_1 ; BRA.13.662.4_1 ; BRA.13.672.1_1 ; BRA.13.672.2_1,NA
COM00009.00,GHA,GHA.2_1,GHA.2.3_1,NA,NA
COM00010.00,MEX,MEX.7_1,MEX.7.6_1 ; MEX.7.18_1,NA,NA
COM00038.00,RUS,RUS.3_1,RUS.3.7_1 ; RUS.3.24_1,RUS.3.7.1_1 ; RUS.3.24.1_1,NA
COM00086.00,IDN,IDN.29_1,IDN.29.2_1 ; IDN.29.3_1,IDN.29.2.3_1 ; IDN.29.3.3_1,IDN.29.2.3.6_1 ; IDN.29.3.3.1_1
COM00095.00,CHN,CHN.19_1,CHN.19.5_1 ; CHN.19.7_1,CHN.19.5.5_1 ; CHN.19.7.2_1,NA
COM00098.00,ZAF,ZAF.6_1,ZAF.6.1_1,ZAF.6.1.5_1,ZAF.6.1.5.1_1 ; ZAF.6.1.5.8_1
COM00106.00,GUY,GUY.9_1,GUY.9.3_1 ; GUY.9.4_1 ; GUY.9.5_1,NA,NA
COM00129.00,IND,IND.15_1,IND.15.4_1,IND.15.4.1_1 ; IND.15.4.2_1,NA
COM00134.00,IDN,IDN.15_1,IDN.15.2_1,IDN.15.2.8_1,IDN.15.2.8.2_1 ; IDN.15.2.8.6_1 ; IDN.15.2.8.9_1
COM00181.00,AUS,AUS.11_1,AUS.11.28_1,NA,NA
COM00190.00,AUS,AUS.5_1,AUS.5.14_1 ; AUS.5.25_1,NA,NA
COM00191.00,USA,USA.36_1,USA.36.34_1,NA,NA
COM00201.00,AUS,AUS.7_1,AUS.7.16_1 ; AUS.7.34_1,NA,NA
COM00205.00,USA,USA.29_1,USA.29.5_1 ; USA.29.7_1,NA,NA
COM00221.00,IND,IND.15_1,IND.15.1_1 ; IND.15.2_1 ; IND.15.7_1 ; IND.15.10_1 ; IND.15.20_1,IND.15.1.1_1 ; IND.15.1.2_1 ; IND.15.2.1_1 ; IND.15.7.1_1 ; IND.15.10.1_1 ; IND.15.20.1_1,NA
COM00222.00,UKR,UKR.5_1,UKR.5.7_1,NA,NA
COM00263.00,USA,USA.49_1,USA.49.3_1 ; USA.49.23_1 ; USA.49.55_1,NA,NA
COM00272.00,CHL,CHL.2_1,CHL.2.2_1,CHL.2.2.1_1,NA
COM00274.00,SUR,SUR.4_1 ; SUR.6_1,SUR.4.4_1 ; SUR.6.4_1,NA,NA
COM00276.00,CHL,CHL.15_1,CHL.15.1_1,CHL.15.1.5_1,NA
COM00285.00,ZAF,ZAF.3_1,ZAF.3.5_1,ZAF.3.5.3_1 ; ZAF.3.5.4_1,ZAF.3.5.3.6_1 ; ZAF.3.5.4.1_1 ; ZAF.3.5.4.4_1 ; ZAF.3.5.4.8_1
COM00293.00,USA,USA.49_1,USA.49.3_1 ; USA.49.22_1,NA,NA
COM00294.00,USA,USA.29_1,USA.29.9_1,NA,NA
COM00312.00,USA,USA.18_1,USA.18.48_1,NA,NA
COM00317.00,CHN,CHN.25_1,CHN.25.2_1 ; CHN.25.9_1,CHN.25.2.1_1 ; CHN.25.2.8_1 ; CHN.25.9.5_1,NA
COM00318.00,CHN,CHN.15_1,CHN.15.10_1,CHN.15.10.2_1,NA
COM00345.00,COL,COL.11_1,COL.11.2_1 ; COL.11.4_1 ; COL.11.14_1,NA,NA
COM00346.00,UKR,UKR.6_1,UKR.6.4_1 ; UKR.6.5_1,NA,NA
COM00348.00,UKR,UKR.5_1,UKR.5.18_1,NA,NA
COM00349.00,UKR,UKR.15_1,UKR.15.2_1 ; UKR.15.3_1,NA,NA
COM00354.00,AUS,AUS.11_1,AUS.11.71_1,NA,NA
COM00366.00,IND,IND.15_1 ; IND.36_1,IND.15.3_1 ; IND.15.4_1 ; IND.15.8_1 ; IND.36.2_1 ; IND.36.3_1,IND.15.3.1_1 ; IND.15.4.2_1 ; IND.15.8.1_1 ; IND.36.2.1_1 ; IND.36.3.1_1 ; IND.36.3.3_1,NA
COM00395.00,AUS,AUS.7_1,AUS.7.19_1 ; AUS.7.46_1 ; AUS.7.67_1,NA,NA
COM00399.00,CAN,CAN.12_1,CAN.12.10_1,CAN.12.10.15_1 ; CAN.12.10.18_1,NA
COM00401.00,RUS,RUS.66_1,RUS.66.31_1,RUS.66.31.1_1,NA
COM00402.00,RUS,RUS.27_1,RUS.27.27_1,RUS.27.27.1_1,NA
COM00404.00,ZAF,ZAF.6_1,ZAF.6.2_1 ; ZAF.6.3_1,ZAF.6.2.3_1 ; ZAF.6.3.3_1 ; ZAF.6.3.4_1,ZAF.6.2.3.7_1 ; ZAF.6.3.3.18_1 ; ZAF.6.3.4.23_1
COM00421.00,AUS,AUS.11_1,AUS.11.3_1 ; AUS.11.46_1,NA,NA
COM00488.00,USA,USA.29_1,USA.29.5_1 ; USA.29.7_1,NA,NA
COM00489.00,AUS,AUS.7_1,AUS.7.34_1,NA,NA
COM00502.00,AUS,AUS.7_1,AUS.7.16_1,NA,NA
COM00509.00,CHN,CHN.8_1,CHN.8.3_1,CHN.8.3.1_1 ; CHN.8.3.3_1 ; CHN.8.3.5_1,NA
COM00512.00,AUS,AUS.5_1,AUS.5.59_1 ; AUS.5.97_1,NA,NA
COM00517.00,AUS,AUS.11_1,AUS.11.55_1,NA,NA
COM00520.00,AUS,AUS.11_1,AUS.11.3_1 ; AUS.11.46_1,NA,NA
COM00544.00,AUS,AUS.11_1,AUS.11.46_1,NA,NA
COM00546.00,ZAF,ZAF.8_1,ZAF.8.2_1,ZAF.8.2.3_1,ZAF.8.2.3.10_1
COM00552.00,CHN,CHN.19_1,CHN.19.8_1,CHN.19.8.3_1 ; CHN.19.8.5_1,NA
COM00554.00,AUS,AUS.5_1,AUS.5.149_1,NA,NA
COM00558.00,AUS,AUS.11_1,AUS.11.20_1 ; AUS.11.21_1 ; AUS.11.37_1 ; AUS.11.50_1,NA,NA
COM00562.00,MEX,MEX.6_1,MEX.6.44_1 ; MEX.6.60_1,NA,NA
COM00564.00,MEX,MEX.15_1,MEX.15.57_1,NA,NA
COM00583.00,BRA,BRA.13_1,BRA.13.364_1,BRA.13.364.2_1,NA
COM00589.00,JAM,JAM.1_1 ; JAM.4_1,NA,NA,NA
COM00610.00,RUS,RUS.66_1,RUS.66.16_1,RUS.66.16.1_1,NA
COM00611.00,AUS,AUS.11_1,AUS.11.61_1,NA,NA
COM00619.00,KAZ,KAZ.9_1,KAZ.9.1_1 ; KAZ.9.3_1,NA,NA
COM00624.00,COD,COD.15_1,COD.15.6_1,NA,NA
COM00627.00,KAZ,KAZ.2_1 ; KAZ.5_1 ; KAZ.9_1,KAZ.2.15_1 ; KAZ.5.9_1 ; KAZ.5.13_1 ; KAZ.5.17_1 ; KAZ.9.9_1,NA,NA
COM00640.00,ZAF,ZAF.6_1,ZAF.6.3_1,ZAF.6.3.3_1,ZAF.6.3.3.11_1
COM00672.00,RUS,RUS.27_1,RUS.27.7_1 ; RUS.27.13_1,RUS.27.7.1_1 ; RUS.27.13.1_1,NA
COM00675.00,UKR,UKR.15_1,UKR.15.9_1,NA,NA
COM00678.00,RUS,RUS.35_1,RUS.35.1_1 ; RUS.35.45_1,RUS.35.1.1_1 ; RUS.35.45.1_1,NA
COM00687.00,RUS,RUS.27_1,RUS.27.7_1 ; RUS.27.10_1 ; RUS.27.13_1 ; RUS.27.20_1 ; RUS.27.24_1,RUS.27.7.1_1 ; RUS.27.10.1_1 ; RUS.27.13.1_1 ; RUS.27.20.1_1 ; RUS.27.24.1_1,NA
COM00693.00,MEX,MEX.26_1,MEX.26.41_1,NA,NA
COM00716.00,USA,USA.49_1,USA.49.1_1,NA,NA
COM00726.00,CHN,CHN.25_1,CHN.25.6_1,CHN.25.6.8_1,NA
COM00732.00,SWE,SWE.10_1,SWE.10.5_1 ; SWE.10.9_1,NA,NA
COM00744.00,CHL,CHL.14_1,CHL.14.1_1 ; CHL.14.2_1 ; CHL.14.5_1,CHL.14.1.1_1 ; CHL.14.2.3_1 ; CHL.14.5.1_1,NA
COM00748.00,MLI,MLI.3_1,MLI.3.4_1,MLI.3.4.6_1,MLI.3.4.6.3_1 ; MLI.3.4.6.4_1
COM00760.00,IND,IND.26_1,IND.26.1_1 ; IND.26.14_1 ; IND.26.30_1,IND.26.1.4_1 ; IND.26.14.1_1 ; IND.26.30.3_1,NA
COM00774.00,BRA,BRA.13_1,BRA.13.463_1 ; BRA.13.543_1,BRA.13.463.10_1 ; BRA.13.543.2_1,NA
COM00793.00,IDN,IDN.14_1,IDN.14.10_1,IDN.14.10.1_1,IDN.14.10.1.5_1 ; IDN.14.10.1.9_1
COM00795.00,USA,USA.21_1 ; USA.49_1,USA.21.11_1 ; USA.49.47_1,NA,NA
COM00801.00,CHN,CHN.12_1,CHN.12.11_1,CHN.12.11.3_1,NA
COM00807.00,AUS,AUS.8_1,AUS.8.61_1,NA,NA
COM00818.00,BRA,BRA.13_1,BRA.13.58_1 ; BRA.13.651_1 ; BRA.13.662_1 ; BRA.13.725_1,BRA.13.58.1_1 ; BRA.13.651.2_1 ; BRA.13.662.2_1 ; BRA.13.725.1_1,NA
COM00819.00,BRA,BRA.13_1,BRA.13.366_1 ; BRA.13.543_1,BRA.13.366.4_1 ; BRA.13.543.6_1,NA
COM00850.00,AUS,AUS.5_1,AUS.5.95_1,NA,NA
COM00852.00,AUS,AUS.11_1,AUS.11.46_1,NA,NA
COM00856.00,AUS,AUS.11_1,AUS.11.46_1,NA,NA
COM00857.00,AUS,AUS.5_1,AUS.5.118_1,NA,NA
COM00909.00,RUS,RUS.45_1,RUS.45.11_1,RUS.45.11.1_1,NA
COM00910.00,RUS,RUS.35_1,RUS.35.15_1,RUS.35.15.1_1,NA
COM00914.00,IND,IND.4_1,IND.4.26_1,IND.4.26.2_1,NA
COM00918.00,IND,IND.19_1 ; IND.34_1,IND.19.46_1 ; IND.34.72_1,IND.19.46.2_1 ; IND.34.72.1_1,NA
COM00919.00,UKR,UKR.5_1,UKR.5.7_1,NA,NA
COM00920.00,AUS,AUS.11_1,AUS.11.28_1,NA,NA
COM00955.00,CHL,CHL.2_1 ; CHL.15_1,CHL.2.1_1 ; CHL.15.1_1,CHL.2.1.3_1 ; CHL.15.1.6_1,NA
COM00962.00,BRA,BRA.13_1,BRA.13.96_1 ; BRA.13.523_1 ; BRA.13.772_1,BRA.13.96.2_1 ; BRA.13.523.1_1 ; BRA.13.772.1_1,NA
COM00974.00,USA,USA.39_1,USA.39.30_1 ; USA.39.63_1,NA,NA
COM00981.00,USA,USA.29_1,USA.29.8_1 ; USA.29.9_1,NA,NA
COM00985.00,CHN,CHN.12_1,CHN.12.9_1 ; CHN.12.15_1,CHN.12.9.3_1 ; CHN.12.9.5_1 ; CHN.12.15.2_1,NA
COM00986.00,CHN,CHN.7_1,CHN.7.1_1,CHN.7.1.8_1,NA
COM00987.00,CHN,CHN.25_1,CHN.25.7_1,CHN.25.7.2_1,NA
COM01000.00,POL,POL.1_1,POL.1.3_1 ; POL.1.18_1,POL.1.3.3_1 ; POL.1.18.4_1,NA
COM01003.00,IDN,IDN.4_1 ; IDN.9_1,IDN.4.5_1 ; IDN.9.5_1,IDN.4.5.11_1 ; IDN.9.5.27_1,IDN.4.5.11.7_1 ; IDN.9.5.27.1_1
COM01016.00,IDN,IDN.13_1,IDN.13.1_1 ; IDN.13.10_1,IDN.13.1.7_1 ; IDN.13.10.8_1 ; IDN.13.10.12_1,IDN.13.1.7.10_1 ; IDN.13.1.7.12_1 ; IDN.13.10.8.6_1 ; IDN.13.10.12.1_1
COM01019.00,IDN,IDN.13_1,IDN.13.6_1 ; IDN.13.13_1,IDN.13.6.8_1 ; IDN.13.13.7_1,IDN.13.6.8.12_1 ; IDN.13.13.7.3_1
COM01020.00,IDN,IDN.15_1 ; IDN.23_1 ; IDN.31_1,IDN.15.2_1 ; IDN.15.5_1 ; IDN.15.6_1 ; IDN.23.13_1 ; IDN.31.7_1 ; IDN.31.12_1 ; IDN.31.10_1 ; IDN.31.11_1,IDN.15.2.9_1 ; IDN.15.5.20_1 ; IDN.15.6.10_1 ; IDN.15.6.13_1 ; IDN.15.6.16_1 ; IDN.23.13.4_1 ; IDN.23.13.6_1 ; IDN.31.7.11_1 ; IDN.31.12.4_1 ; IDN.31.10.5_1 ; IDN.31.11.10_1,IDN.15.2.9.9_1 ; IDN.15.5.20.13_1 ; IDN.15.6.10.17_1 ; IDN.15.6.13.4_1 ; IDN.15.6.16.10_1 ; IDN.23.13.4.4_1 ; IDN.23.13.6.5_1 ; IDN.31.7.11.5_1 ; IDN.31.12.4.2_1 ; IDN.31.10.5.8_1 ; IDN.31.11.10.11_1
COM01028.00,IDN,IDN.27_1 ; IDN.28_1,IDN.27.5_1 ; IDN.28.9_1,IDN.27.5.12_1 ; IDN.28.9.6_1,IDN.27.5.12.2_1 ; IDN.27.5.12.6_1 ; IDN.28.9.6.6_1
COM01029.00,IDN,IDN.15_1,IDN.15.5_1 ; IDN.15.6_1,IDN.15.5.20_1 ; IDN.15.6.12_1,IDN.15.5.20.10_1 ; IDN.15.6.12.6_1
COM01030.00,IDN,IDN.15_1,IDN.15.7_1,IDN.15.7.18_1,IDN.15.7.18.4_1 ; IDN.15.7.18.5_1
COM01033.00,IDN,IDN.15_1,IDN.15.12_1,IDN.15.12.1_1,IDN.15.12.1.1_1
COM01036.00,IDN,IDN.15_1,IDN.15.7_1,IDN.15.7.2_1 ; IDN.15.7.15_1,IDN.15.7.2.1_1 ; IDN.15.7.15.3_1
COM01048.00,IDN,IDN.15_1,IDN.15.5_1,IDN.15.5.2_1 ; IDN.15.5.15_1,IDN.15.5.2.2_1 ; IDN.15.5.15.5_1
COM01049.00,IDN,IDN.14_1,IDN.14.3_1 ; IDN.14.5_1,IDN.14.3.5_1 ; IDN.14.5.9_1,IDN.14.3.5.12_1 ; IDN.14.3.5.21_1 ; IDN.14.5.9.2_1 ; IDN.14.5.9.13_1
COM01053.00,ARG,ARG.10_1,ARG.10.7_1,NA,NA
COM01064.00,RUS,RUS.27_1,RUS.27.17_1,RUS.27.17.1_1,NA
COM01079.00,USA,USA.49_1,USA.49.10_1 ; USA.49.20_1,NA,NA
COM01090.00,AUS,AUS.11_1,AUS.11.3_1 ; AUS.11.46_1,NA,NA
COM01105.00,ZAF,ZAF.7_1,ZAF.7.1_1,ZAF.7.1.5_1,ZAF.7.1.5.3_1 ; ZAF.7.1.5.15_1 ; ZAF.7.1.5.17_1 ; ZAF.7.1.5.28_1
COM01136.00,ZAF,ZAF.2_1,ZAF.2.1_1,ZAF.2.1.4_1,ZAF.2.1.4.10_1
COM01155.00,BRA,BRA.14_1,BRA.14.90_1,BRA.14.90.1_1,NA
COM01168.00,CHN,CHN.25_1,CHN.25.1_1 ; CHN.25.9_1,CHN.25.1.1_1 ; CHN.25.1.9_1 ; CHN.25.1.11_1 ; CHN.25.1.12_1 ; CHN.25.9.8_1,NA
COM01174.00,CHN,CHN.19_1 ; CHN.22_1 ; CHN.25_1,CHN.19.7_1 ; CHN.22.10_1 ; CHN.25.9_1,CHN.19.7.1_1 ; CHN.19.7.2_1 ; CHN.19.7.3_1 ; CHN.19.7.5_1 ; CHN.22.10.8_1 ; CHN.25.9.1_1,NA
COM01210.00,IND,IND.7_1 ; IND.19_1,IND.7.16_1 ; IND.7.17_1 ; IND.7.25_1 ; IND.19.3_1 ; IND.19.41_1,IND.7.16.1_1 ; IND.7.16.2_1 ; IND.7.17.3_1 ; IND.7.25.2_1 ; IND.19.3.1_1 ; IND.19.41.4_1,NA
COM01215.00,AUS,AUS.11_1,AUS.11.139_1,NA,NA
COM01232.00,CAN,CAN.9_1 ; CAN.11_1,CAN.9.11_1 ; CAN.11.84_1,CAN.9.11.1_1 ; CAN.11.84.35_1,NA
COM01233.00,RUS,RUS.83_1,RUS.83.27_1,RUS.83.27.1_1,NA
COM01234.00,RUS,RUS.27_1,RUS.27.13_1 ; RUS.27.24_1,RUS.27.13.1_1 ; RUS.27.24.1_1,NA
COM01235.00,RUS,RUS.28_1,RUS.28.22_1,RUS.28.22.1_1,NA
COM01236.00,RUS,RUS.29_1,RUS.29.2_1 ; RUS.29.10_1,RUS.29.2.1_1 ; RUS.29.10.1_1,NA
COM01237.00,RUS,RUS.35_1,RUS.35.39_1 ; RUS.35.44_1 ; RUS.35.47_1,RUS.35.39.1_1 ; RUS.35.44.1_1 ; RUS.35.47.1_1,NA
COM01238.00,RUS,RUS.56_1,RUS.56.19_1 ; RUS.56.22_1,RUS.56.19.1_1 ; RUS.56.22.1_1,NA
COM01239.00,RUS,RUS.83_1,RUS.83.6_1 ; RUS.83.10_1 ; RUS.83.13_1,RUS.83.6.1_1 ; RUS.83.10.1_1 ; RUS.83.13.1_1,NA
COM01257.00,IDN,IDN.31_1,IDN.31.5_1,IDN.31.5.6_1,IDN.31.5.6.3_1 ; IDN.31.5.6.7_1
COM01269.00,IDN,IDN.15_1,IDN.15.5_1,IDN.15.5.4_1 ; IDN.15.5.15_1,IDN.15.5.4.14_1 ; IDN.15.5.15.3_1
COM01276.00,SWE,SWE.18_1,SWE.18.4_1 ; SWE.18.7_1 ; SWE.18.9_1,NA,NA
COM01299.00,IDN,IDN.14_1,IDN.14.10_1,IDN.14.10.1_1 ; IDN.14.10.2_1,IDN.14.10.1.7_1 ; IDN.14.10.2.16_1
COM01302.00,USA,USA.49_1,USA.49.35_1,NA,NA
COM01308.00,USA,USA.29_1,USA.29.8_1,NA,NA
COM01329.00,BRA,BRA.13_1,BRA.13.523_1,BRA.13.523.1_1,NA
COM01330.00,IND,IND.10_1,IND.10.1_1 ; IND.10.2_1,IND.10.1.1_1 ; IND.10.2.5_1,NA
COM01354.00,AUS,AUS.5_1,AUS.5.32_1 ; AUS.5.118_1,NA,NA
COM01355.00,AUS,AUS.7_1,AUS.7.20_1,NA,NA
COM01363.00,IND,IND.19_1 ; IND.20_1,IND.19.12_1 ; IND.20.8_1 ; IND.20.19_1 ; IND.20.36_1,IND.19.12.3_1 ; IND.20.8.1_1 ; IND.20.8.3_1 ; IND.20.8.8_1 ; IND.20.19.10_1 ; IND.20.19.12_1 ; IND.20.19.13_1 ; IND.20.36.13_1,NA
COM01371.00,USA,USA.14_1,USA.14.84_1,NA,NA
COM01375.00,JAM,JAM.4_1 ; JAM.8_1,NA,NA,NA
COM01383.00,CHN,CHN.1_1,CHN.1.7_1 ; CHN.1.10_1,CHN.1.7.2_1 ; CHN.1.7.6_1 ; CHN.1.10.1_1,NA
COM01389.00,AUS,AUS.7_1 ; AUS.11_1,AUS.7.69_1 ; AUS.11.27_1,NA,NA
COM01394.00,CHN,CHN.23_1,CHN.23.6_1 ; CHN.23.16_1,CHN.23.6.2_1 ; CHN.23.6.9_1 ; CHN.23.16.3_1,NA
COM01401.00,AUS,AUS.11_1,AUS.11.139_1,NA,NA
COM01402.00,CHN,CHN.19_1,CHN.19.7_1,CHN.19.7.2_1 ; CHN.19.7.3_1 ; CHN.19.7.5_1,NA
COM01407.00,RUS,RUS.27_1,RUS.27.17_1 ; RUS.27.20_1,RUS.27.17.1_1 ; RUS.27.20.1_1,NA
COM01418.00,TJK,TJK.4_1,TJK.4.11_1,TJK.4.11.10_1,NA
COM01428.00,CHN,CHN.19_1,CHN.19.7_1,CHN.19.7.5_1,NA
